School_District,School_year,Reported_enrollment,Percent_complete_for_all_immunizations,Percent_conditional,Percent_out_of_compliance,Percent_with_any_exemption,Percent_with_medical_exemption,Percent_with_personal_exemption,Percent_with_religious_exemption,Percent_with_religious_membership_exemption,Percent_complete_for_diphtheria_tetanus,Percent_complete_for_pertussis,Percent_complete_for_measles_mumps_rubella,Percent_complete_for_polio,Percent_complete_for_HepatitisB,Percent_complete_for_varicella,Number_complete_for_all_immunizations,Number_conditional,Number_out_of_compliance,Number_with_any_exemption,Number_with_medical_exemption,Number_with_personal_exemption,Number_with_religious_exemption,Number_with_religious_membership_exemption,Number_incomplete_for_diphtheria_tetanus,Number_incomplete_for_pertussis,Number_incomplete_for_measles_mumps_rubella,Number_incomplete_for_polio,Number_incomplete_for_HepatitisB,Number_incomplete_for_varicella
ABERDEEN SCHOOL DISTRICT,2015-16,267,89.5%,9.4%,0.0%,1.1%,0.0%,1.1%,0.0%,0.0%,94.8%,94.8%,92.1%,94.4%,97.4%,91.4%,239,25,0,3,0,3,0,0,14,14,21,15,7,23
ADNA SCHOOL DISTRICT,2015-16,36,91.7%,0.0%,5.6%,2.8%,0.0%,2.8%,0.0%,0.0%,91.7%,91.7%,91.7%,91.7%,91.7%,91.7%,33,0,2,1,0,1,0,0,3,3,3,3,3,3
ALMIRA SCHOOL DISTRICT,2015-16,7,100.0%,0.0%,0.0%,0.0%,0.0%,0.0%,0.0%,0.0%,100.0%,100.0%,100.0%,100.0%,100.0%,100.0%,7,0,0,0,0,0,0,0,0,0,0,0,0,0
ANACORTES SCHOOL DISTRICT,2015-16,205,84.9%,7.8%,0.0%,7.3%,0.0%,7.3%,0.0%,0.0%,89.8%,89.8%,90.7%,88.3%,90.2%,88.8%,174,16,0,15,0,15,0,0,21,21,19,24,20,23
ARLINGTON SCHOOL DISTRICT,2015-16,368,85.1%,3.3%,5.2%,6.5%,2.2%,3.8%,0.3%,0.3%,90.2%,90.2%,91.3%,91.3%,92.7%,89.9%,313,12,19,24,8,14,1,1,36,36,32,32,27,37
ASOTIN-ANATONE SCHOOL DISTRICT,2015-16,39,89.7%,2.6%,0.0%,7.7%,2.6%,5.1%,0.0%,0.0%,94.9%,94.9%,92.3%,94.9%,94.9%,89.7%,35,1,0,3,1,2,0,0,2,2,3,2,2,4
AUBURN SCHOOL DISTRICT,2015-16,"1,262",81.6%,1.7%,11.5%,5.2%,1.3%,3.5%,0.5%,0.0%,88.1%,88.1%,90.1%,87.9%,91.2%,88.5%,"1,030",21,145,66,16,44,6,0,150,150,125,153,111,145
BAINBRIDGE ISLAND SCHOOL DISTRICT,2015-16,264,89.8%,1.9%,0.0%,8.3%,1.1%,6.4%,0.4%,0.8%,94.3%,93.9%,93.9%,93.6%,91.3%,93.9%,237,5,0,22,3,17,1,2,15,16,16,17,23,16
BATTLE GROUND SCHOOL DISTRICT,2015-16,787,75.5%,3.2%,8.6%,12.7%,1.1%,11.2%,0.1%,0.5%,83.5%,83.5%,84.0%,82.5%,83.9%,82.3%,594,25,68,100,9,88,1,4,130,130,126,138,127,139
BELLEVUE SCHOOL DISTRICT,2015-16,"1,823",84.5%,0.8%,10.5%,4.2%,0.9%,3.2%,0.2%,0.0%,91.9%,91.9%,93.5%,91.2%,93.9%,90.2%,"1,541",15,191,76,16,59,3,0,148,148,119,160,112,179
BELLINGHAM SCHOOL DISTRICT,2015-16,953,75.7%,3.1%,13.6%,7.6%,1.4%,6.5%,0.1%,0.0%,84.2%,84.2%,85.5%,82.9%,85.5%,82.6%,721,30,130,72,13,62,1,0,151,151,138,163,138,166
BENGE SCHOOL DISTRICT,2015-16,2,100.0%,0.0%,0.0%,0.0%,0.0%,0.0%,0.0%,0.0%,100.0%,100.0%,100.0%,100.0%,100.0%,100.0%,2,0,0,0,0,0,0,0,0,0,0,0,0,0
BETHEL SCHOOL DISTRICT,2015-16,"1,448",87.8%,1.9%,7.2%,3.1%,0.7%,2.1%,0.3%,0.3%,93.1%,93.1%,93.4%,91.7%,95.2%,91.3%,"1,271",28,104,45,10,30,4,4,100,100,96,120,69,126
BICKLETON SCHOOL DISTRICT,2015-16,5,100.0%,0.0%,0.0%,0.0%,0.0%,0.0%,0.0%,0.0%,100.0%,100.0%,100.0%,100.0%,100.0%,100.0%,5,0,0,0,0,0,0,0,0,0,0,0,0,0
BLAINE SCHOOL DISTRICT,2015-16,151,83.4%,4.0%,6.6%,6.0%,1.3%,4.6%,0.0%,0.0%,88.1%,88.1%,86.8%,86.8%,94.0%,85.4%,126,6,10,9,2,7,0,0,18,18,20,20,9,22
BOISTFORT SCHOOL DISTRICT,2015-16,10,90.0%,10.0%,0.0%,0.0%,0.0%,0.0%,0.0%,0.0%,100.0%,100.0%,100.0%,90.0%,90.0%,90.0%,9,1,0,0,0,0,0,0,0,0,0,1,1,1
BREMERTON SCHOOL DISTRICT,2015-16,442,71.7%,4.8%,20.1%,3.4%,0.2%,2.0%,1.1%,0.0%,82.1%,83.3%,82.6%,80.1%,90.0%,80.8%,317,21,89,15,1,9,5,0,79,74,77,88,44,85
BREWSTER SCHOOL DISTRICT,2015-16,0,,,,,,,,,,,,,,,0,0,0,0,0,0,0,0,0,0,0,0,0,0
BRIDGEPORT SCHOOL DISTRICT,2015-16,72,48.6%,0.0%,51.4%,0.0%,0.0%,0.0%,0.0%,0.0%,58.3%,58.3%,63.9%,56.9%,79.2%,62.5%,35,0,37,0,0,0,0,0,30,30,26,31,15,27
BRINNON SCHOOL DISTRICT,2015-16,9,44.4%,0.0%,44.4%,11.1%,11.1%,0.0%,0.0%,0.0%,44.4%,44.4%,44.4%,55.6%,77.8%,44.4%,4,0,4,1,1,0,0,0,5,5,5,4,2,5
BURLINGTON-EDISON SCHOOL DISTRICT,2015-16,255,84.3%,2.4%,9.8%,3.5%,0.4%,3.1%,0.0%,0.0%,92.9%,92.9%,92.5%,91.0%,90.6%,91.4%,215,6,25,9,1,8,0,0,18,18,19,23,24,22
CAMAS SCHOOL DISTRICT,2015-16,471,89.4%,1.5%,0.2%,8.9%,3.0%,5.3%,0.2%,0.4%,92.6%,92.6%,91.9%,92.1%,91.5%,90.7%,421,7,1,42,14,25,1,2,35,35,38,37,40,44
CAPE FLATTERY SCHOOL DISTRICT,2015-16,50,76.0%,0.0%,18.0%,6.0%,0.0%,4.0%,2.0%,0.0%,76.0%,76.0%,82.0%,78.0%,84.0%,82.0%,38,0,9,3,0,2,1,0,12,12,9,11,8,9
CARBONADO SCHOOL DISTRICT,2015-16,17,94.1%,0.0%,0.0%,5.9%,0.0%,5.9%,0.0%,0.0%,100.0%,100.0%,100.0%,94.1%,100.0%,100.0%,16,0,0,1,0,1,0,0,0,0,0,1,0,0
CASCADE SCHOOL DISTRICT,2015-16,99,94.9%,1.0%,0.0%,4.0%,0.0%,4.0%,0.0%,0.0%,96.0%,96.0%,97.0%,96.0%,96.0%,94.9%,94,1,0,4,0,4,0,0,4,4,3,4,4,5
CASHMERE SCHOOL DISTRICT,2015-16,119,96.6%,0.0%,0.8%,2.5%,0.8%,2.5%,0.0%,0.0%,98.3%,98.3%,100.0%,98.3%,96.6%,100.0%,115,0,1,3,1,3,0,0,2,2,0,2,4,0
CASTLE ROCK SCHOOL DISTRICT,2015-16,92,90.2%,1.1%,3.3%,5.4%,1.1%,4.3%,0.0%,0.0%,90.2%,90.2%,90.2%,90.2%,94.6%,91.3%,83,1,3,5,1,4,0,0,9,9,9,9,5,8
CENTERVILLE SCHOOL DISTRICT,2015-16,6,83.3%,0.0%,16.7%,0.0%,0.0%,0.0%,0.0%,0.0%,100.0%,100.0%,100.0%,100.0%,83.3%,100.0%,5,0,1,0,0,0,0,0,0,0,0,0,1,0
CENTRAL KITSAP SCHOOL DISTRICT,2015-16,827,92.9%,0.7%,4.8%,1.6%,0.5%,1.9%,0.1%,0.0%,95.4%,95.4%,96.0%,94.8%,97.0%,95.5%,768,6,40,13,4,16,1,0,38,38,33,43,25,37
CENTRAL VALLEY SCHOOL DISTRICT,2015-16,"1,013",82.6%,2.6%,9.5%,5.3%,0.5%,5.1%,0.6%,0.0%,88.0%,89.1%,90.7%,88.6%,91.6%,89.3%,837,26,96,54,5,52,6,0,122,110,94,115,85,108
CENTRALIA SCHOOL DISTRICT,2015-16,321,90.3%,2.8%,4.4%,2.5%,0.3%,2.2%,0.0%,0.0%,93.5%,93.5%,94.4%,94.7%,96.3%,92.2%,290,9,14,8,1,7,0,0,21,21,18,17,12,25
CHEHALIS SCHOOL DISTRICT,2015-16,243,93.8%,0.4%,2.5%,3.3%,1.2%,2.1%,0.0%,0.0%,95.5%,95.9%,95.5%,95.5%,95.9%,94.7%,228,1,6,8,3,5,0,0,11,10,11,11,10,13
CHENEY SCHOOL DISTRICT,2015-16,326,69.0%,1.5%,23.0%,6.4%,1.8%,4.9%,0.0%,0.0%,77.3%,77.3%,77.3%,76.4%,85.6%,75.5%,225,5,75,21,6,16,0,0,74,74,74,77,47,80
CHEWELAH SCHOOL DISTRICT,2015-16,50,92.0%,4.0%,2.0%,2.0%,0.0%,2.0%,0.0%,0.0%,96.0%,96.0%,98.0%,98.0%,98.0%,96.0%,46,2,1,1,0,1,0,0,2,2,1,1,1,2
CHIMACUM SCHOOL DISTRICT,2015-16,89,80.9%,5.6%,5.6%,7.9%,1.1%,6.7%,0.0%,0.0%,84.3%,84.3%,82.0%,83.1%,86.5%,82.0%,72,5,5,7,1,6,0,0,14,14,16,15,12,16
CLARKSTON SCHOOL DISTRICT,2015-16,22,86.4%,13.6%,0.0%,0.0%,0.0%,0.0%,0.0%,0.0%,86.4%,86.4%,86.4%,86.4%,100.0%,86.4%,19,3,0,0,0,0,0,0,3,3,3,3,0,3
CLE ELUM-ROSLYN SCHOOL DISTRICT,2015-16,69,94.2%,1.4%,0.0%,4.3%,0.0%,4.3%,0.0%,0.0%,94.2%,94.2%,94.2%,94.2%,95.7%,94.2%,65,1,0,3,0,3,0,0,4,4,4,4,3,4
CLOVER PARK SCHOOL DISTRICT,2015-16,"1,293",90.7%,1.8%,5.8%,1.7%,0.9%,0.8%,0.0%,0.2%,94.6%,94.6%,94.7%,94.6%,96.5%,93.9%,"1,173",23,75,22,11,10,0,2,70,70,68,70,45,79
COLFAX SCHOOL DISTRICT,2015-16,43,97.7%,0.0%,2.3%,0.0%,0.0%,0.0%,0.0%,0.0%,100.0%,100.0%,100.0%,100.0%,97.7%,100.0%,42,0,1,0,0,0,0,0,0,0,0,0,1,0
COLLEGE PLACE SCHOOL DISTRICT,2015-16,124,84.7%,0.0%,8.1%,7.3%,1.6%,4.8%,0.0%,0.8%,90.3%,89.5%,91.9%,91.1%,93.5%,87.1%,105,0,10,9,2,6,0,1,12,13,10,11,8,16
COLTON SCHOOL DISTRICT,2015-16,12,83.3%,8.3%,8.3%,0.0%,0.0%,0.0%,0.0%,0.0%,83.3%,83.3%,83.3%,83.3%,91.7%,83.3%,10,1,1,0,0,0,0,0,2,2,2,2,1,2
COLUMBIA (STEVENS) SCHOOL DISTRICT,2015-16,5,80.0%,0.0%,0.0%,20.0%,0.0%,20.0%,0.0%,0.0%,80.0%,80.0%,80.0%,80.0%,100.0%,80.0%,4,0,0,1,0,1,0,0,1,1,1,1,0,1
COLUMBIA (WALLA WALLA) SCHOOL DISTRICT,2015-16,62,90.3%,8.1%,0.0%,1.6%,1.6%,0.0%,0.0%,0.0%,93.5%,93.5%,100.0%,96.8%,98.4%,96.8%,56,5,0,1,1,0,0,0,4,4,0,2,1,2
COLVILLE SCHOOL DISTRICT,2015-16,11,54.5%,0.0%,9.1%,36.4%,0.0%,36.4%,0.0%,0.0%,54.5%,54.5%,54.5%,54.5%,54.5%,54.5%,6,0,1,4,0,4,0,0,5,5,5,5,5,5
CONCRETE SCHOOL DISTRICT,2015-16,39,89.7%,5.1%,0.0%,5.1%,0.0%,2.6%,0.0%,2.6%,92.3%,92.3%,92.3%,92.3%,94.9%,92.3%,35,2,0,2,0,1,0,1,3,3,3,3,2,3
CONWAY SCHOOL DISTRICT,2015-16,43,90.7%,0.0%,2.3%,7.0%,0.0%,7.0%,0.0%,0.0%,95.3%,95.3%,95.3%,95.3%,95.3%,90.7%,39,0,1,3,0,3,0,0,2,2,2,2,2,4
COSMOPOLIS SCHOOL DISTRICT,2015-16,0,,,,,,,,,,,,,,,0,0,0,0,0,0,0,0,0,0,0,0,0,0
COULEE-HARTLINE SCHOOL DISTRICT,2015-16,14,92.9%,0.0%,0.0%,7.1%,0.0%,0.0%,7.1%,0.0%,92.9%,92.9%,92.9%,92.9%,92.9%,92.9%,13,0,0,1,0,0,1,0,1,1,1,1,1,1
COUPEVILLE SCHOOL DISTRICT,2015-16,62,82.3%,1.6%,11.3%,4.8%,1.6%,3.2%,0.0%,0.0%,91.9%,91.9%,90.3%,91.9%,91.9%,85.5%,51,1,7,3,1,2,0,0,5,5,6,5,5,9
CRESCENT SCHOOL DISTRICT,2015-16,13,53.8%,7.7%,23.1%,15.4%,7.7%,7.7%,0.0%,0.0%,61.5%,61.5%,61.5%,53.8%,76.9%,53.8%,7,1,3,2,1,1,0,0,5,5,5,6,3,6
CRESTON SCHOOL DISTRICT,2015-16,7,100.0%,0.0%,0.0%,0.0%,0.0%,0.0%,0.0%,0.0%,100.0%,100.0%,100.0%,100.0%,100.0%,100.0%,7,0,0,0,0,0,0,0,0,0,0,0,0,0
CURLEW SCHOOL DISTRICT,2015-16,11,72.7%,9.1%,18.2%,0.0%,0.0%,0.0%,0.0%,0.0%,100.0%,100.0%,90.9%,81.8%,100.0%,81.8%,8,1,2,0,0,0,0,0,0,0,1,2,0,2
CUSICK SCHOOL DISTRICT,2015-16,11,45.5%,9.1%,18.2%,27.3%,0.0%,27.3%,0.0%,0.0%,54.5%,54.5%,72.7%,63.6%,81.8%,54.5%,5,1,2,3,0,3,0,0,5,5,3,4,2,5
DAMMAN SCHOOL DISTRICT,2015-16,7,85.7%,0.0%,0.0%,14.3%,0.0%,14.3%,0.0%,0.0%,85.7%,85.7%,85.7%,85.7%,85.7%,85.7%,6,0,0,1,0,1,0,0,1,1,1,1,1,1
DARRINGTON SCHOOL DISTRICT,2015-16,37,94.6%,0.0%,0.0%,5.4%,5.4%,0.0%,0.0%,0.0%,97.3%,97.3%,97.3%,97.3%,97.3%,94.6%,35,0,0,2,2,0,0,0,1,1,1,1,1,2
DAVENPORT SCHOOL DISTRICT,2015-16,50,80.0%,0.0%,18.0%,2.0%,0.0%,2.0%,0.0%,0.0%,84.0%,84.0%,84.0%,84.0%,90.0%,84.0%,40,0,9,1,0,1,0,0,8,8,8,8,5,8
DAYTON SCHOOL DISTRICT,2015-16,25,56.0%,4.0%,40.0%,0.0%,0.0%,0.0%,0.0%,0.0%,72.0%,72.0%,72.0%,72.0%,80.0%,68.0%,14,1,10,0,0,0,0,0,7,7,7,7,5,8
DEER PARK SCHOOL DISTRICT,2015-16,124,86.3%,0.0%,2.4%,11.3%,2.4%,7.3%,1.6%,0.0%,94.4%,94.4%,91.9%,91.9%,92.7%,88.7%,107,0,3,14,3,9,2,0,7,7,10,10,9,14
DIERINGER SCHOOL DISTRICT,2015-16,140,92.1%,1.4%,2.9%,3.6%,0.7%,2.9%,0.0%,0.0%,95.7%,95.7%,95.7%,94.3%,93.6%,94.3%,129,2,4,5,1,4,0,0,6,6,6,8,9,8
DIXIE SCHOOL DISTRICT,2015-16,4,100.0%,0.0%,0.0%,0.0%,0.0%,0.0%,0.0%,0.0%,100.0%,100.0%,100.0%,100.0%,100.0%,100.0%,4,0,0,0,0,0,0,0,0,0,0,0,0,0
EAST VALLEY SCHOOL DISTRICT (SPOKANE),2015-16,326,83.1%,1.8%,6.1%,8.9%,1.5%,7.1%,0.6%,0.0%,86.8%,86.8%,88.3%,87.4%,91.7%,86.5%,271,6,20,29,5,23,2,0,43,43,38,41,27,44
EAST VALLEY SCHOOL DISTRICT (YAKIMA),2015-16,265,96.6%,1.1%,0.0%,2.3%,0.4%,1.9%,0.0%,0.0%,97.7%,97.7%,97.0%,98.1%,98.5%,97.0%,256,3,0,6,1,5,0,0,6,6,8,5,4,8
EASTMONT SCHOOL DISTRICT,2015-16,397,97.2%,1.0%,0.8%,1.0%,0.5%,0.5%,0.0%,0.0%,99.2%,99.2%,98.7%,98.7%,98.7%,98.0%,386,4,3,4,2,2,0,0,3,3,5,5,5,8
EASTON SCHOOL DISTRICT,2015-16,6,50.0%,50.0%,0.0%,0.0%,0.0%,0.0%,0.0%,0.0%,66.7%,66.7%,66.7%,66.7%,66.7%,66.7%,3,3,0,0,0,0,0,0,2,2,2,2,2,2
EATONVILLE SCHOOL DISTRICT,2015-16,91,79.1%,0.0%,16.5%,4.4%,4.4%,0.0%,0.0%,0.0%,82.4%,82.4%,86.8%,83.5%,94.5%,83.5%,72,0,15,4,4,0,0,0,16,16,12,15,5,15
EDMONDS SCHOOL DISTRICT,2015-16,"1,688",86.0%,1.7%,7.6%,4.7%,0.8%,3.9%,0.1%,0.0%,91.6%,91.6%,92.0%,90.6%,93.5%,90.0%,"1,452",28,128,80,13,66,2,0,141,141,135,158,109,169
ELLENSBURG SCHOOL DISTRICT,2015-16,274,73.4%,2.6%,20.1%,4.0%,0.7%,3.3%,0.0%,0.0%,85.4%,85.4%,85.8%,83.6%,86.5%,82.5%,201,7,55,11,2,9,0,0,40,40,39,45,37,48
ELMA SCHOOL DISTRICT,2015-16,102,88.2%,4.9%,0.0%,6.9%,1.0%,4.9%,0.0%,1.0%,93.1%,93.1%,94.1%,93.1%,94.1%,93.1%,90,5,0,7,1,5,0,1,7,7,6,7,6,7
ENDICOTT SCHOOL DISTRICT,2015-16,8,87.5%,0.0%,0.0%,12.5%,0.0%,12.5%,0.0%,0.0%,100.0%,100.0%,87.5%,100.0%,100.0%,100.0%,7,0,0,1,0,1,0,0,0,0,1,0,0,0
ENTIAT SCHOOL DISTRICT,2015-16,23,87.0%,0.0%,4.3%,8.7%,0.0%,8.7%,0.0%,0.0%,95.7%,95.7%,95.7%,91.3%,87.0%,95.7%,20,0,1,2,0,2,0,0,1,1,1,2,3,1
ENUMCLAW SCHOOL DISTRICT,2015-16,265,80.4%,1.5%,11.3%,6.8%,2.3%,3.8%,0.8%,0.4%,84.5%,84.5%,85.3%,84.9%,89.1%,82.6%,213,4,30,18,6,10,2,1,41,41,39,40,29,46
EPHRATA SCHOOL DISTRICT,2015-16,114,95.6%,0.0%,0.9%,3.5%,0.0%,3.5%,0.0%,0.0%,95.6%,95.6%,95.6%,95.6%,97.4%,95.6%,109,0,1,4,0,4,0,0,5,5,5,5,3,5
EVALINE SCHOOL DISTRICT,2015-16,7,100.0%,0.0%,0.0%,0.0%,0.0%,0.0%,0.0%,0.0%,100.0%,100.0%,100.0%,100.0%,100.0%,100.0%,7,0,0,0,0,0,0,0,0,0,0,0,0,0
EVERETT SCHOOL DISTRICT,2015-16,"1,589",86.6%,0.4%,8.7%,4.2%,0.9%,3.1%,0.1%,0.2%,90.9%,98.9%,91.7%,91.3%,93.0%,90.0%,"1,376",7,139,67,15,49,2,3,145,17,132,139,112,159
EVERGREEN SCHOOL DISTRICT (CLARK),2015-16,"1,893",68.7%,2.7%,22.3%,6.3%,0.4%,5.2%,0.2%,0.6%,78.9%,78.9%,79.6%,76.9%,83.6%,77.7%,"1,300",51,422,120,7,99,3,11,400,400,387,438,311,423
EVERGREEN SCHOOL DISTRICT (STEVENS),2015-16,7,85.7%,0.0%,0.0%,14.3%,0.0%,14.3%,0.0%,0.0%,85.7%,85.7%,85.7%,85.7%,85.7%,85.7%,6,0,0,1,0,1,0,0,1,1,1,1,1,1
FEDERAL WAY SCHOOL DISTRICT,2015-16,"1,782",85.9%,1.3%,9.4%,3.4%,0.6%,2.5%,0.1%,0.2%,91.6%,91.8%,91.9%,92.7%,93.5%,90.4%,"1,531",23,168,60,11,44,1,4,149,146,145,130,115,171
FERNDALE SCHOOL DISTRICT,2015-16,333,80.8%,1.5%,7.5%,10.2%,1.5%,7.5%,1.2%,0.0%,85.9%,85.9%,87.1%,85.6%,90.1%,84.4%,269,5,25,34,5,25,4,0,47,47,43,48,33,52
FIFE SCHOOL DISTRICT,2015-16,281,84.0%,1.1%,10.0%,5.0%,1.1%,3.2%,0.7%,0.0%,95.0%,95.0%,95.7%,95.0%,96.1%,94.3%,236,3,28,14,3,9,2,0,14,14,12,14,11,16
FINLEY SCHOOL DISTRICT,2015-16,63,84.1%,0.0%,15.9%,0.0%,0.0%,0.0%,0.0%,0.0%,88.9%,88.9%,90.5%,88.9%,93.7%,90.5%,53,0,10,0,0,0,0,0,7,7,6,7,4,6
FRANKLIN PIERCE SCHOOL DISTRICT,2015-16,514,91.4%,3.5%,0.2%,4.9%,0.2%,4.5%,0.2%,0.0%,94.2%,96.1%,94.9%,94.6%,98.1%,94.0%,470,18,1,25,1,23,1,0,30,20,26,28,10,31
FREEMAN SCHOOL DISTRICT,2015-16,44,81.8%,2.3%,2.3%,13.6%,6.8%,6.8%,0.0%,0.0%,88.6%,88.6%,86.4%,88.6%,90.9%,86.4%,36,1,1,6,3,3,0,0,5,5,6,5,4,6
GARFIELD PALOUSE SCHOOL DISTRICT,2015-16,34,82.4%,0.0%,8.8%,8.8%,0.0%,5.9%,0.0%,2.9%,94.1%,94.1%,91.2%,91.2%,94.1%,91.2%,28,0,3,3,0,2,0,1,2,2,3,3,2,3
GLENWOOD SCHOOL DISTRICT,2015-16,3,100.0%,0.0%,0.0%,0.0%,0.0%,0.0%,0.0%,0.0%,100.0%,100.0%,100.0%,100.0%,100.0%,100.0%,3,0,0,0,0,0,0,0,0,0,0,0,0,0
GOLDENDALE SCHOOL DISTRICT,2015-16,72,91.7%,1.4%,0.0%,6.9%,6.9%,0.0%,0.0%,0.0%,95.8%,95.8%,95.8%,93.1%,94.4%,91.7%,66,1,0,5,5,0,0,0,3,3,3,5,4,6
GRAND COULEE DAM SCHOOL DISTRICT,2015-16,52,100.0%,0.0%,0.0%,0.0%,0.0%,0.0%,0.0%,0.0%,100.0%,100.0%,100.0%,100.0%,100.0%,100.0%,52,0,0,0,0,0,0,0,0,0,0,0,0,0
GRANDVIEW SCHOOL DISTRICT,2015-16,103,99.0%,0.0%,0.0%,1.0%,0.0%,1.0%,0.0%,0.0%,99.0%,99.0%,99.0%,99.0%,99.0%,99.0%,102,0,0,1,0,1,0,0,1,1,1,1,1,1
GRANGER SCHOOL DISTRICT,2015-16,123,95.1%,0.0%,4.9%,0.0%,0.0%,0.0%,0.0%,0.0%,95.9%,95.9%,95.9%,95.9%,98.4%,95.9%,117,0,6,0,0,0,0,0,5,5,5,5,2,5
GRANITE FALLS SCHOOL DISTRICT,2015-16,131,89.3%,1.5%,3.8%,5.3%,3.1%,2.3%,0.0%,0.0%,93.1%,93.1%,94.7%,93.9%,94.7%,94.7%,117,2,5,7,4,3,0,0,9,9,7,8,7,7
GRAPEVIEW SCHOOL DISTRICT,2015-16,24,91.7%,8.3%,0.0%,0.0%,0.0%,0.0%,0.0%,0.0%,95.8%,95.8%,95.8%,95.8%,95.8%,95.8%,22,2,0,0,0,0,0,0,1,1,1,1,1,1
GREAT NORTHERN SCHOOL DISTRICT,2015-16,5,40.0%,20.0%,0.0%,40.0%,0.0%,40.0%,0.0%,0.0%,40.0%,40.0%,40.0%,40.0%,40.0%,40.0%,2,1,0,2,0,2,0,0,3,3,3,3,3,3
GREEN MOUNTAIN SCHOOL DISTRICT,2015-16,18,44.4%,0.0%,55.6%,0.0%,0.0%,0.0%,0.0%,0.0%,55.6%,55.6%,61.1%,50.0%,61.1%,55.6%,8,0,10,0,0,0,0,0,8,8,7,9,7,8
GRIFFIN SCHOOL DISTRICT,2015-16,71,67.6%,0.0%,23.9%,8.5%,0.0%,8.5%,0.0%,0.0%,80.3%,80.3%,77.5%,77.5%,76.1%,76.1%,48,0,17,6,0,6,0,0,14,14,16,16,17,17
HARRINGTON SCHOOL DISTRICT,2015-16,0,,,,,,,,,,,,,,,0,0,0,0,0,0,0,0,0,0,0,0,0,0
HIGHLAND SCHOOL DISTRICT,2015-16,84,94.0%,0.0%,4.8%,1.2%,0.0%,1.2%,0.0%,0.0%,98.8%,98.8%,97.6%,98.8%,95.2%,97.6%,79,0,4,1,0,1,0,0,1,1,2,1,4,2
HIGHLINE SCHOOL DISTRICT,2015-16,"1,643",87.3%,2.6%,8.1%,2.0%,0.2%,1.6%,0.1%,0.1%,92.5%,92.5%,92.3%,92.3%,94.9%,90.9%,"1,434",43,133,33,3,27,1,2,124,123,126,126,84,149
HOCKINSON SCHOOL DISTRICT,2015-16,103,77.7%,1.0%,11.7%,9.7%,2.9%,6.8%,0.0%,0.0%,87.4%,87.4%,85.4%,84.5%,85.4%,84.5%,80,1,12,10,3,7,0,0,13,13,15,16,15,16
HOOD CANAL SCHOOL DISTRICT,2015-16,37,43.2%,2.7%,54.1%,0.0%,0.0%,0.0%,0.0%,0.0%,48.6%,48.6%,54.1%,48.6%,73.0%,51.4%,16,1,20,0,0,0,0,0,19,19,17,19,10,18
HOQUIAM SCHOOL DISTRICT,2015-16,127,81.1%,2.4%,15.7%,0.8%,0.0%,0.8%,0.0%,0.0%,87.4%,87.4%,87.4%,87.4%,89.8%,87.4%,103,3,20,1,0,1,0,0,16,16,16,16,13,16
INCHELIUM SCHOOL DISTRICT,2015-16,16,81.3%,0.0%,18.8%,0.0%,0.0%,0.0%,0.0%,0.0%,87.5%,87.5%,93.8%,81.3%,100.0%,93.8%,13,0,3,0,0,0,0,0,2,2,1,3,0,1
INDEX SCHOOL DISTRICT,2015-16,6,33.3%,0.0%,16.7%,50.0%,0.0%,50.0%,0.0%,0.0%,50.0%,50.0%,50.0%,33.3%,33.3%,33.3%,2,0,1,3,0,3,0,0,3,3,3,4,4,4
ISSAQUAH SCHOOL DISTRICT,2015-16,"1,380",93.5%,1.4%,0.9%,4.1%,1.1%,3.0%,0.1%,0.0%,97.7%,97.7%,97.3%,96.6%,96.4%,96.4%,"1,290",20,13,57,15,42,1,0,32,32,37,47,50,50
KAHLOTUS SCHOOL DISTRICT,2015-16,5,100.0%,0.0%,0.0%,0.0%,0.0%,0.0%,0.0%,0.0%,100.0%,100.0%,100.0%,100.0%,100.0%,100.0%,5,0,0,0,0,0,0,0,0,0,0,0,0,0
KALAMA SCHOOL DISTRICT,2015-16,0,,,,,,,,,,,,,,,0,0,0,0,0,0,0,0,0,0,0,0,0,0
KELLER SCHOOL DISTRICT,2015-16,3,100.0%,0.0%,0.0%,0.0%,0.0%,0.0%,0.0%,0.0%,100.0%,100.0%,100.0%,100.0%,100.0%,100.0%,3,0,0,0,0,0,0,0,0,0,0,0,0,0
KELSO SCHOOL DISTRICT,2015-16,370,91.9%,5.4%,0.0%,2.7%,0.0%,2.7%,0.0%,0.0%,94.3%,94.3%,94.6%,94.1%,96.8%,94.1%,340,20,0,10,0,10,0,0,21,21,20,22,12,22
KENNEWICK SCHOOL DISTRICT,2015-16,"1,425",94.2%,2.3%,0.6%,2.9%,0.4%,2.5%,0.1%,0.0%,96.8%,97.1%,97.1%,97.1%,97.3%,96.3%,"1,342",33,8,42,5,36,1,0,46,42,41,42,39,53
KENT SCHOOL DISTRICT,2015-16,"2,025",84.3%,2.1%,11.0%,2.6%,0.3%,2.1%,0.1%,0.0%,90.5%,90.5%,90.7%,89.6%,93.6%,89.4%,"1,708",43,222,52,7,43,2,0,193,193,188,210,130,215
KETTLE FALLS SCHOOL DISTRICT,2015-16,46,78.3%,0.0%,6.5%,15.2%,2.2%,10.9%,2.2%,0.0%,82.6%,82.6%,80.4%,82.6%,87.0%,82.6%,36,0,3,7,1,5,1,0,8,8,9,8,6,8
KIONA-BENTON CITY SCHOOL DISTRICT,2015-16,0,,,,,,,,,,,,,,,0,0,0,0,0,0,0,0,0,0,0,0,0,0
KITTITAS SCHOOL DISTRICT,2015-16,41,92.7%,0.0%,7.3%,0.0%,0.0%,0.0%,0.0%,0.0%,95.1%,95.1%,97.6%,97.6%,95.1%,95.1%,38,0,3,0,0,0,0,0,2,2,1,1,2,2
KLICKITAT SCHOOL DISTRICT,2015-16,0,,,,,,,,,,,,,,,0,0,0,0,0,0,0,0,0,0,0,0,0,0
LA CENTER SCHOOL DISTRICT,2015-16,103,80.6%,1.0%,8.7%,9.7%,2.9%,5.8%,1.0%,0.0%,85.4%,85.4%,86.4%,83.5%,88.3%,83.5%,83,1,9,10,3,6,1,0,15,15,14,17,12,17
LA CONNER SCHOOL DISTRICT,2015-16,37,83.8%,5.4%,5.4%,5.4%,0.0%,5.4%,5.4%,5.4%,86.5%,86.5%,83.8%,83.8%,86.5%,83.8%,31,2,2,2,0,2,2,2,5,5,6,6,5,6
LACROSSE SCHOOL DISTRICT,2015-16,4,100.0%,0.0%,0.0%,0.0%,0.0%,0.0%,0.0%,0.0%,100.0%,100.0%,100.0%,100.0%,100.0%,100.0%,4,0,0,0,0,0,0,0,0,0,0,0,0,0
LAKE CHELAN SCHOOL DISTRICT,2015-16,104,95.2%,0.0%,1.9%,2.9%,1.0%,1.9%,0.0%,0.0%,98.1%,98.1%,98.1%,98.1%,97.1%,97.1%,99,0,2,3,1,2,0,0,2,2,2,2,3,3
LAKE QUINAULT SCHOOL DISTRICT,2015-16,13,100.0%,0.0%,0.0%,0.0%,0.0%,0.0%,0.0%,0.0%,100.0%,100.0%,100.0%,100.0%,100.0%,100.0%,13,0,0,0,0,0,0,0,0,0,0,0,0,0
LAKE STEVENS SCHOOL DISTRICT,2015-16,631,82.7%,1.4%,12.0%,3.8%,0.5%,3.3%,0.0%,0.0%,88.7%,88.6%,89.4%,88.9%,93.3%,88.1%,522,9,76,24,3,21,0,0,71,72,67,70,42,75
LAKE WASHINGTON SCHOOL DISTRICT,2015-16,"2,490",85.4%,1.6%,9.4%,3.7%,1.2%,2.5%,0.2%,0.0%,92.7%,92.5%,93.2%,90.8%,93.9%,91.5%,"2,127",39,233,91,29,63,5,0,183,186,170,229,152,212
LAKEWOOD SCHOOL DISTRICT,2015-16,141,87.2%,2.1%,5.0%,5.7%,3.5%,2.1%,0.0%,0.0%,90.8%,90.8%,90.8%,92.2%,95.7%,90.8%,123,3,7,8,5,3,0,0,13,13,13,11,6,13
LAMONT SCHOOL DISTRICT,2015-16,0,,,,,,,,,,,,,,,0,0,0,0,0,0,0,0,0,0,0,0,0,0
LIBERTY SCHOOL DISTRICT,2015-16,25,88.0%,0.0%,12.0%,0.0%,0.0%,0.0%,0.0%,0.0%,88.0%,88.0%,88.0%,88.0%,96.0%,96.0%,22,0,3,0,0,0,0,0,3,3,3,3,1,1
LIND SCHOOL DISTRICT,2015-16,17,76.5%,0.0%,11.8%,11.8%,0.0%,11.8%,0.0%,0.0%,82.4%,82.4%,82.4%,82.4%,100.0%,76.5%,13,0,2,2,0,2,0,0,3,3,3,3,0,4
LONGVIEW SCHOOL DISTRICT,2015-16,514,91.8%,1.6%,2.7%,3.9%,0.8%,3.1%,0.0%,0.0%,93.2%,93.2%,94.2%,93.6%,95.3%,94.2%,472,8,14,20,4,16,0,0,35,35,30,33,24,30
LOON LAKE SCHOOL DISTRICT,2015-16,14,57.1%,0.0%,28.6%,14.3%,0.0%,14.3%,0.0%,0.0%,71.4%,71.4%,71.4%,71.4%,78.6%,57.1%,8,0,4,2,0,2,0,0,4,4,4,4,3,6
LOPEZ SCHOOL DISTRICT,2015-16,17,70.6%,11.8%,5.9%,11.8%,11.8%,0.0%,0.0%,0.0%,88.2%,88.2%,88.2%,82.4%,76.5%,76.5%,12,2,1,2,2,0,0,0,2,2,2,3,4,4
LUMMI NATION SCHOOL,2015-16,23,78.3%,0.0%,21.7%,0.0%,0.0%,0.0%,0.0%,0.0%,82.6%,82.6%,87.0%,78.3%,100.0%,87.0%,18,0,5,0,0,0,0,0,4,4,3,5,0,3
LYLE SCHOOL DISTRICT,2015-16,0,,,,,,,,,,,,,,,0,0,0,0,0,0,0,0,0,0,0,0,0,0
LYNDEN SCHOOL DISTRICT,2015-16,325,83.4%,2.8%,9.5%,4.3%,1.2%,2.8%,0.3%,0.0%,88.3%,88.3%,88.9%,88.9%,90.8%,87.7%,271,9,31,14,4,9,1,0,38,38,36,36,30,40
MABTON SCHOOL DISTRICT,2015-16,80,71.3%,0.0%,28.8%,0.0%,0.0%,0.0%,0.0%,0.0%,78.8%,78.8%,76.3%,77.5%,90.0%,77.5%,57,0,23,0,0,0,0,0,17,17,19,18,8,18
MANSFIELD SCHOOL DISTRICT,2015-16,0,,,,,,,,,,,,,,,0,0,0,0,0,0,0,0,0,0,0,0,0,0
MANSON SCHOOL DISTRICT,2015-16,0,,,,,,,,,,,,,,,0,0,0,0,0,0,0,0,0,0,0,0,0,0
MARY M KNIGHT SCHOOL DISTRICT,2015-16,11,54.5%,18.2%,27.3%,0.0%,0.0%,0.0%,0.0%,0.0%,72.7%,72.7%,81.8%,63.6%,63.6%,81.8%,6,2,3,0,0,0,0,0,3,3,2,4,4,2
MARY WALKER SCHOOL DISTRICT,2015-16,24,37.5%,0.0%,50.0%,12.5%,0.0%,8.3%,4.2%,0.0%,45.8%,45.8%,45.8%,37.5%,66.7%,45.8%,9,0,12,3,0,2,1,0,13,13,13,15,8,13
MARYSVILLE SCHOOL DISTRICT,2015-16,893,86.8%,1.5%,6.5%,5.3%,1.8%,3.1%,0.3%,0.0%,90.7%,90.7%,91.5%,90.9%,94.2%,89.9%,775,13,58,47,16,28,3,0,83,83,76,81,52,90
MCCLEARY SCHOOL DISTRICT,2015-16,43,72.1%,0.0%,23.3%,4.7%,0.0%,4.7%,0.0%,0.0%,76.7%,76.7%,76.7%,76.7%,76.7%,74.4%,31,0,10,2,0,2,0,0,10,10,10,10,10,11
MEAD SCHOOL DISTRICT,2015-16,685,85.3%,0.7%,5.0%,9.1%,0.9%,7.9%,0.3%,0.0%,90.4%,90.4%,90.4%,91.2%,91.1%,87.9%,584,5,34,62,6,54,2,0,66,66,66,60,61,83
MEDICAL LAKE SCHOOL DISTRICT,2015-16,158,85.4%,3.8%,7.0%,3.8%,3.8%,0.0%,0.0%,0.0%,90.5%,90.5%,94.3%,92.4%,93.0%,91.1%,135,6,11,6,6,0,0,0,15,15,9,12,11,14
MERCER ISLAND SCHOOL DISTRICT,2015-16,319,83.4%,7.2%,6.3%,3.1%,0.9%,1.9%,0.0%,0.3%,93.1%,93.1%,90.3%,90.6%,91.5%,89.7%,266,23,20,10,3,6,0,1,22,22,31,30,27,33
MERIDIAN SCHOOL DISTRICT,2015-16,115,80.9%,0.0%,13.9%,5.2%,0.9%,4.3%,0.0%,0.0%,95.7%,95.7%,94.8%,95.7%,97.4%,95.7%,93,0,16,6,1,5,0,0,5,5,6,5,3,5
METHOW VALLEY SCHOOL DISTRICT,2015-16,49,57.1%,6.1%,24.5%,12.2%,0.0%,12.2%,0.0%,0.0%,81.6%,81.6%,79.6%,71.4%,75.5%,73.5%,28,3,12,6,0,6,0,0,9,9,10,14,12,13
MILL A SCHOOL DISTRICT,2015-16,0,,,,,,,,,,,,,,,0,0,0,0,0,0,0,0,0,0,0,0,0,0
MONROE SCHOOL DISTRICT,2015-16,415,85.1%,1.7%,8.0%,5.3%,1.7%,3.4%,0.2%,0.0%,90.6%,90.6%,91.8%,90.1%,92.0%,90.1%,353,7,33,22,7,14,1,0,39,39,34,41,33,41
MONTESANO SCHOOL DISTRICT,2015-16,98,69.4%,0.0%,29.6%,1.0%,0.0%,1.0%,0.0%,0.0%,83.7%,83.7%,84.7%,76.5%,88.8%,81.6%,68,0,29,1,0,1,0,0,16,16,15,23,11,18
MORTON SCHOOL DISTRICT,2015-16,22,63.6%,0.0%,36.4%,0.0%,0.0%,0.0%,0.0%,0.0%,63.6%,63.6%,68.2%,63.6%,100.0%,68.2%,14,0,8,0,0,0,0,0,8,8,7,8,0,7
MOSES LAKE SCHOOL DISTRICT,2015-16,586,81.9%,1.9%,11.9%,4.3%,0.7%,3.2%,0.3%,0.2%,87.9%,87.7%,89.4%,86.0%,92.2%,88.6%,480,11,70,25,4,19,2,1,71,72,62,82,46,67
MOSSYROCK SCHOOL DISTRICT,2015-16,33,81.8%,0.0%,15.2%,3.0%,0.0%,3.0%,0.0%,0.0%,84.8%,84.8%,87.9%,87.9%,87.9%,87.9%,27,0,5,1,0,1,0,0,5,5,4,4,4,4
MOUNT ADAMS SCHOOL DISTRICT,2015-16,82,98.8%,1.2%,0.0%,0.0%,0.0%,0.0%,0.0%,0.0%,98.8%,98.8%,100.0%,98.8%,98.8%,100.0%,81,1,0,0,0,0,0,0,1,1,0,1,1,0
MOUNT BAKER SCHOOL DISTRICT,2015-16,123,71.5%,0.0%,25.2%,3.3%,0.8%,2.4%,0.0%,0.0%,87.0%,87.0%,82.9%,84.6%,87.8%,79.7%,88,0,31,4,1,3,0,0,16,16,21,19,15,25
MOUNT PLEASANT SCHOOL DISTRICT,2015-16,8,50.0%,12.5%,12.5%,25.0%,12.5%,12.5%,0.0%,0.0%,62.5%,62.5%,62.5%,62.5%,50.0%,75.0%,4,1,1,2,1,1,0,0,3,3,3,3,4,2
MOUNT VERNON SCHOOL DISTRICT,2015-16,582,88.0%,3.4%,0.9%,7.7%,2.2%,4.1%,0.5%,1.0%,90.9%,91.6%,91.2%,92.3%,93.1%,89.5%,512,20,5,45,13,24,3,6,53,49,51,45,40,61
MUKILTEO SCHOOL DISTRICT,2015-16,"1,194",86.4%,0.9%,7.6%,5.0%,0.8%,3.8%,0.9%,0.0%,90.9%,91.0%,91.2%,91.5%,93.7%,90.3%,"1,032",11,91,60,10,45,11,0,109,108,105,102,75,116
NACHES VALLEY SCHOOL DISTRICT,2015-16,96,92.7%,1.0%,3.1%,3.1%,1.0%,2.1%,0.0%,0.0%,95.8%,94.8%,96.9%,94.8%,99.0%,95.8%,89,1,3,3,1,2,0,0,4,5,3,5,1,4
NAPAVINE SCHOOL DISTRICT,2015-16,57,82.5%,0.0%,15.8%,1.8%,0.0%,1.8%,0.0%,0.0%,87.7%,87.7%,87.7%,87.7%,93.0%,89.5%,47,0,9,1,0,1,0,0,7,7,7,7,4,6
NASELLE-GRAYS RIVER VALLEY SCHOOL DISTRICT,2015-16,26,80.8%,19.2%,0.0%,0.0%,0.0%,0.0%,0.0%,0.0%,80.8%,80.8%,80.8%,80.8%,100.0%,80.8%,21,5,0,0,0,0,0,0,5,5,5,5,0,5
NESPELEM SCHOOL DISTRICT,2015-16,17,82.4%,0.0%,17.6%,0.0%,0.0%,0.0%,0.0%,0.0%,100.0%,94.1%,82.4%,100.0%,100.0%,82.4%,14,0,3,0,0,0,0,0,0,1,3,0,0,3
NEWPORT SCHOOL DISTRICT,2015-16,76,47.4%,6.6%,28.9%,17.1%,2.6%,15.8%,0.0%,0.0%,76.3%,76.3%,73.7%,75.0%,78.9%,57.9%,36,5,22,13,2,12,0,0,18,18,20,19,16,32
NINE MILE FALLS SCHOOL DISTRICT,2015-16,71,71.8%,1.4%,21.1%,5.6%,1.4%,4.2%,0.0%,0.0%,80.3%,80.3%,83.1%,76.1%,87.3%,80.3%,51,1,15,4,1,3,0,0,14,14,12,17,9,14
NOOKSACK VALLEY SCHOOL DISTRICT,2015-16,152,82.9%,1.3%,12.5%,3.3%,1.3%,2.0%,0.7%,0.7%,87.5%,87.5%,90.1%,87.5%,88.8%,90.1%,126,2,19,5,2,3,1,1,19,19,15,19,17,15
NORTH BEACH SCHOOL DISTRICT,2015-16,55,63.6%,1.8%,32.7%,1.8%,1.8%,0.0%,0.0%,0.0%,83.6%,83.6%,78.2%,70.9%,90.9%,76.4%,35,1,18,1,1,0,0,0,9,9,12,16,5,13
NORTH FRANKLIN SCHOOL DISTRICT,2015-16,164,85.4%,3.0%,11.0%,0.6%,0.6%,0.0%,0.0%,0.0%,89.0%,89.0%,92.1%,88.4%,97.0%,90.2%,140,5,18,1,1,0,0,0,18,18,13,19,5,16
NORTH KITSAP SCHOOL DISTRICT,2015-16,432,91.7%,1.2%,1.6%,5.6%,0.9%,4.6%,0.0%,0.0%,94.2%,94.2%,94.4%,93.5%,94.0%,93.1%,396,5,7,24,4,20,0,0,25,25,24,28,26,30
NORTH MASON SCHOOL DISTRICT,2015-16,123,89.4%,3.3%,4.1%,3.3%,1.6%,0.8%,0.8%,0.0%,91.9%,91.9%,92.7%,92.7%,98.4%,90.2%,110,4,5,4,2,1,1,0,10,10,9,9,2,12
NORTH RIVER SCHOOL DISTRICT,2015-16,7,57.1%,0.0%,42.9%,0.0%,0.0%,0.0%,0.0%,0.0%,57.1%,57.1%,57.1%,57.1%,71.4%,57.1%,4,0,3,0,0,0,0,0,3,3,3,3,2,3
NORTH THURSTON PUBLIC SCHOOLS,2015-16,"1,219",76.1%,1.9%,19.5%,2.5%,0.4%,2.0%,0.1%,0.0%,83.4%,83.3%,85.8%,82.7%,88.4%,83.8%,928,23,238,30,5,24,1,0,202,203,173,211,142,197
NORTHPORT SCHOOL DISTRICT,2015-16,12,50.0%,0.0%,50.0%,0.0%,0.0%,0.0%,0.0%,0.0%,75.0%,75.0%,75.0%,50.0%,91.7%,75.0%,6,0,6,0,0,0,0,0,3,3,3,6,1,3
NORTHSHORE SCHOOL DISTRICT,2015-16,"1,903",88.3%,1.1%,4.5%,6.1%,1.4%,4.8%,0.0%,0.1%,94.1%,94.1%,93.6%,92.6%,92.1%,91.2%,"1,680",20,86,117,26,92,0,1,112,112,121,141,150,167
OAK HARBOR SCHOOL DISTRICT,2015-16,524,92.0%,3.4%,0.8%,3.8%,1.3%,2.7%,0.2%,0.0%,94.8%,94.8%,95.2%,94.3%,96.8%,94.1%,482,18,4,20,7,14,1,0,27,27,25,30,17,31
OAKESDALE SCHOOL DISTRICT,2015-16,8,75.0%,25.0%,0.0%,0.0%,0.0%,0.0%,0.0%,0.0%,75.0%,75.0%,87.5%,87.5%,100.0%,75.0%,6,2,0,0,0,0,0,0,2,2,1,1,0,2
OAKVILLE SCHOOL DISTRICT,2015-16,19,84.2%,0.0%,15.8%,0.0%,0.0%,0.0%,0.0%,0.0%,100.0%,100.0%,94.7%,100.0%,89.5%,94.7%,16,0,3,0,0,0,0,0,0,0,1,0,2,1
OCEAN BEACH SCHOOL DISTRICT,2015-16,89,77.5%,10.1%,7.9%,4.5%,1.1%,2.2%,0.0%,1.1%,84.3%,84.3%,87.6%,84.3%,96.6%,84.3%,69,9,7,4,1,2,0,1,14,14,11,14,3,14
OCOSTA SCHOOL DISTRICT,2015-16,35,80.0%,2.9%,14.3%,2.9%,2.9%,0.0%,0.0%,0.0%,82.9%,82.9%,85.7%,80.0%,94.3%,82.9%,28,1,5,1,1,0,0,0,6,6,5,7,2,6
ODESSA SCHOOL DISTRICT,2015-16,13,92.3%,7.7%,0.0%,0.0%,0.0%,0.0%,0.0%,0.0%,92.3%,92.3%,92.3%,92.3%,92.3%,92.3%,12,1,0,0,0,0,0,0,1,1,1,1,1,1
OKANOGAN SCHOOL DISTRICT,2015-16,80,93.8%,2.5%,1.3%,2.5%,0.0%,2.5%,0.0%,0.0%,95.0%,95.0%,97.5%,97.5%,97.5%,96.3%,75,2,1,2,0,2,0,0,4,4,2,2,2,3
OLYMPIA SCHOOL DISTRICT,2015-16,724,64.4%,1.5%,28.2%,5.9%,1.4%,4.1%,0.3%,0.1%,75.8%,75.6%,79.0%,73.9%,80.4%,74.6%,466,11,204,43,10,30,2,1,175,177,152,189,142,184
OMAK SCHOOL DISTRICT,2015-16,136,86.8%,1.5%,10.3%,1.5%,0.0%,1.5%,0.0%,0.0%,90.4%,90.4%,91.2%,91.2%,94.1%,90.4%,118,2,14,2,0,2,0,0,13,13,12,12,8,13
ONALASKA SCHOOL DISTRICT,2015-16,52,86.5%,0.0%,1.9%,11.5%,3.8%,7.7%,0.0%,0.0%,90.4%,90.4%,90.4%,88.5%,92.3%,86.5%,45,0,1,6,2,4,0,0,5,5,5,6,4,7
ONION CREEK SCHOOL DISTRICT,2015-16,4,100.0%,0.0%,0.0%,0.0%,0.0%,0.0%,0.0%,0.0%,100.0%,100.0%,100.0%,100.0%,100.0%,100.0%,4,0,0,0,0,0,0,0,0,0,0,0,0,0
ORCAS ISLAND SCHOOL DISTRICT,2015-16,48,8.3%,0.0%,85.4%,6.3%,2.1%,4.2%,0.0%,0.0%,10.4%,10.4%,12.5%,12.5%,12.5%,12.5%,4,0,41,3,1,2,0,0,43,43,42,42,42,42
ORCHARD PRAIRIE SCHOOL DISTRICT,2015-16,29,37.9%,10.3%,6.9%,44.8%,6.9%,37.9%,0.0%,0.0%,51.7%,51.7%,51.7%,48.3%,51.7%,44.8%,11,3,2,13,2,11,0,0,14,14,14,15,14,16
ORIENT SCHOOL DISTRICT,2015-16,4,100.0%,0.0%,0.0%,0.0%,0.0%,0.0%,0.0%,0.0%,100.0%,100.0%,100.0%,100.0%,100.0%,100.0%,4,0,0,0,0,0,0,0,0,0,0,0,0,0
ORONDO SCHOOL DISTRICT,2015-16,19,100.0%,0.0%,0.0%,0.0%,0.0%,0.0%,0.0%,0.0%,100.0%,100.0%,100.0%,100.0%,100.0%,100.0%,19,0,0,0,0,0,0,0,0,0,0,0,0,0
OROVILLE SCHOOL DISTRICT,2015-16,40,85.0%,2.5%,10.0%,2.5%,2.5%,0.0%,0.0%,0.0%,90.0%,90.0%,90.0%,90.0%,95.0%,92.5%,34,1,4,1,1,0,0,0,4,4,4,4,2,3
ORTING SCHOOL DISTRICT,2015-16,171,94.2%,1.2%,1.2%,3.5%,2.3%,1.2%,0.0%,0.0%,97.1%,97.1%,97.1%,97.1%,98.2%,97.1%,161,2,2,6,4,2,0,0,5,5,5,5,3,5
OTHELLO SCHOOL DISTRICT,2015-16,404,94.6%,1.5%,3.7%,0.2%,0.0%,0.2%,0.0%,0.0%,96.3%,96.3%,96.5%,95.5%,99.8%,96.3%,382,6,15,1,0,1,0,0,15,15,14,18,1,15
PALISADES SCHOOL DISTRICT,2015-16,5,100.0%,0.0%,0.0%,0.0%,0.0%,0.0%,0.0%,0.0%,100.0%,100.0%,100.0%,100.0%,100.0%,100.0%,5,0,0,0,0,0,0,0,0,0,0,0,0,0
PASCO SCHOOL DISTRICT,2015-16,"1,417",95.1%,2.5%,1.3%,1.2%,0.4%,0.8%,0.0%,0.0%,96.6%,96.6%,96.5%,96.6%,97.0%,96.2%,"1,347",35,18,17,6,11,0,0,48,48,50,48,42,54
PATEROS SCHOOL DISTRICT,2015-16,20,100.0%,0.0%,0.0%,0.0%,0.0%,0.0%,0.0%,0.0%,100.0%,100.0%,100.0%,100.0%,100.0%,100.0%,20,0,0,0,0,0,0,0,0,0,0,0,0,0
PATERSON SCHOOL DISTRICT,2015-16,18,94.4%,0.0%,0.0%,5.6%,0.0%,5.6%,0.0%,0.0%,100.0%,100.0%,94.4%,94.4%,94.4%,100.0%,17,0,0,1,0,1,0,0,0,0,1,1,1,0
PE ELL SCHOOL DISTRICT,2015-16,24,91.7%,0.0%,0.0%,8.3%,0.0%,4.2%,0.0%,4.2%,95.8%,95.8%,95.8%,91.7%,95.8%,95.8%,22,0,0,2,0,1,0,1,1,1,1,2,1,1
PENINSULA SCHOOL DISTRICT,2015-16,608,94.4%,1.3%,0.5%,3.8%,0.7%,3.0%,0.2%,0.0%,96.1%,96.1%,96.2%,95.6%,95.4%,96.2%,574,8,3,23,4,18,1,0,24,24,23,27,28,23
PIONEER SCHOOL DISTRICT,2015-16,82,95.1%,1.2%,2.4%,1.2%,0.0%,1.2%,0.0%,0.0%,98.8%,98.8%,97.6%,98.8%,97.6%,95.1%,78,1,2,1,0,1,0,0,1,1,2,1,2,4
POMEROY SCHOOL DISTRICT,2015-16,19,89.5%,0.0%,5.3%,5.3%,0.0%,5.3%,0.0%,0.0%,94.7%,94.7%,100.0%,94.7%,94.7%,94.7%,17,0,1,1,0,1,0,0,1,1,0,1,1,1
PORT ANGELES SCHOOL DISTRICT,2015-16,274,78.5%,3.3%,14.2%,4.0%,1.1%,2.9%,0.0%,0.0%,84.3%,84.3%,86.9%,85.0%,89.1%,84.3%,215,9,39,11,3,8,0,0,43,43,36,41,30,43
PORT TOWNSEND SCHOOL DISTRICT,2015-16,93,37.6%,2.2%,53.8%,6.5%,0.0%,3.2%,3.2%,0.0%,60.2%,60.2%,59.1%,58.1%,69.9%,51.6%,35,2,50,6,0,3,3,0,37,37,38,39,28,45
PRESCOTT SCHOOL DISTRICT,2015-16,20,80.0%,0.0%,15.0%,5.0%,0.0%,5.0%,0.0%,0.0%,90.0%,90.0%,80.0%,90.0%,100.0%,90.0%,16,0,3,1,0,1,0,0,2,2,4,2,0,2
PROSSER SCHOOL DISTRICT,2015-16,215,98.6%,0.5%,0.0%,0.9%,0.0%,0.9%,0.0%,0.0%,99.1%,99.1%,99.5%,99.1%,99.1%,99.1%,212,1,0,2,0,2,0,0,2,2,1,2,2,2
PULLMAN SCHOOL DISTRICT,2015-16,246,75.2%,2.0%,19.1%,3.7%,0.4%,2.8%,0.4%,0.0%,84.6%,85.8%,87.0%,84.6%,89.8%,83.7%,185,5,47,9,1,7,1,0,38,35,32,38,25,40
PUYALLUP SCHOOL DISTRICT,2015-16,"1,702",88.4%,2.5%,3.1%,6.1%,1.4%,4.3%,0.3%,0.1%,93.0%,97.4%,93.5%,92.1%,93.8%,91.8%,"1,504",42,53,103,24,73,5,1,119,45,111,134,106,140
QUEETS-CLEARWATER SCHOOL DISTRICT,2015-16,5,80.0%,0.0%,20.0%,0.0%,0.0%,0.0%,0.0%,0.0%,80.0%,80.0%,100.0%,80.0%,80.0%,100.0%,4,0,1,0,0,0,0,0,1,1,0,1,1,0
QUILCENE SCHOOL DISTRICT,2015-16,9,44.4%,22.2%,22.2%,11.1%,0.0%,11.1%,0.0%,0.0%,55.6%,55.6%,66.7%,55.6%,77.8%,66.7%,4,2,2,1,0,1,0,0,4,4,3,4,2,3
QUILLAYUTE VALLEY SCHOOL DISTRICT,2015-16,98,80.6%,1.0%,16.3%,2.0%,2.0%,0.0%,0.0%,0.0%,85.7%,85.7%,87.8%,87.8%,90.8%,85.7%,79,1,16,2,2,0,0,0,14,14,12,12,9,14
QUINCY SCHOOL DISTRICT,2015-16,255,90.6%,2.0%,7.5%,0.0%,0.0%,0.0%,0.0%,0.0%,94.5%,94.5%,94.5%,94.5%,98.4%,95.3%,231,5,19,0,0,0,0,0,14,14,14,14,4,12
RAINIER SCHOOL DISTRICT,2015-16,62,74.2%,3.2%,9.7%,12.9%,1.6%,11.3%,0.0%,0.0%,80.6%,80.6%,79.0%,79.0%,83.9%,77.4%,46,2,6,8,1,7,0,0,12,12,13,13,10,14
RAYMOND SCHOOL DISTRICT,2015-16,42,92.9%,2.4%,0.0%,4.8%,0.0%,4.8%,0.0%,0.0%,95.2%,95.2%,95.2%,95.2%,95.2%,97.6%,39,1,0,2,0,2,0,0,2,2,2,2,2,1
REARDAN-EDWALL SCHOOL DISTRICT,2015-16,5,80.0%,0.0%,0.0%,20.0%,0.0%,20.0%,0.0%,0.0%,80.0%,80.0%,80.0%,80.0%,80.0%,80.0%,4,0,0,1,0,1,0,0,1,1,1,1,1,1
RENTON SCHOOL DISTRICT,2015-16,"1,351",93.0%,1.6%,2.0%,3.5%,0.5%,2.7%,0.2%,0.1%,95.3%,95.3%,96.2%,95.2%,96.6%,95.1%,"1,256",21,27,47,7,36,3,1,64,64,52,65,46,66
REPUBLIC SCHOOL DISTRICT,2015-16,0,,,,,,,,,,,,,,,0,0,0,0,0,0,0,0,0,0,0,0,0,0
RICHLAND SCHOOL DISTRICT,2015-16,903,93.8%,1.4%,3.0%,1.8%,0.4%,1.3%,0.0%,0.0%,96.1%,96.2%,95.7%,96.2%,97.0%,95.6%,847,13,27,16,4,12,0,0,35,34,39,34,27,40
RIDGEFIELD SCHOOL DISTRICT,2015-16,165,89.7%,0.0%,0.0%,10.3%,2.4%,6.1%,1.8%,0.0%,93.3%,93.3%,91.5%,92.7%,89.1%,90.3%,148,0,0,17,4,10,3,0,11,11,14,12,18,16
RITZVILLE SCHOOL DISTRICT,2015-16,21,95.2%,0.0%,4.8%,0.0%,0.0%,0.0%,0.0%,0.0%,95.2%,95.2%,95.2%,95.2%,100.0%,95.2%,20,0,1,0,0,0,0,0,1,1,1,1,0,1
RIVERSIDE SCHOOL DISTRICT,2015-16,91,82.4%,2.2%,13.2%,2.2%,0.0%,2.2%,0.0%,0.0%,90.1%,90.1%,89.0%,90.1%,96.7%,86.8%,75,2,12,2,0,2,0,0,9,9,10,9,3,12
RIVERVIEW SCHOOL DISTRICT,2015-16,170,74.7%,3.5%,14.1%,7.6%,1.2%,6.5%,0.0%,0.0%,92.4%,92.4%,88.2%,88.8%,84.1%,84.1%,127,6,24,13,2,11,0,0,13,13,20,19,27,27
ROCHESTER SCHOOL DISTRICT,2015-16,145,82.8%,1.4%,13.1%,2.8%,0.7%,2.1%,0.0%,0.0%,89.0%,89.0%,89.7%,85.5%,93.8%,90.3%,120,2,19,4,1,3,0,0,16,16,15,21,9,14
ROOSEVELT SCHOOL DISTRICT,2015-16,5,80.0%,20.0%,0.0%,0.0%,0.0%,0.0%,0.0%,0.0%,80.0%,80.0%,80.0%,80.0%,80.0%,80.0%,4,1,0,0,0,0,0,0,1,1,1,1,1,1
ROSALIA SCHOOL DISTRICT,2015-16,16,81.3%,0.0%,12.5%,6.3%,0.0%,6.3%,0.0%,0.0%,81.3%,81.3%,81.3%,81.3%,87.5%,81.3%,13,0,2,1,0,1,0,0,3,3,3,3,2,3
ROYAL SCHOOL DISTRICT,2015-16,131,96.9%,0.8%,0.8%,1.5%,0.0%,1.5%,0.0%,0.0%,98.5%,98.5%,98.5%,98.5%,99.2%,97.7%,127,1,1,2,0,2,0,0,2,2,2,2,1,3
SAN JUAN ISLAND SCHOOL DISTRICT,2015-16,58,72.4%,1.7%,19.0%,6.9%,5.2%,1.7%,0.0%,0.0%,84.5%,84.5%,84.5%,79.3%,84.5%,75.9%,42,1,11,4,3,1,0,0,9,9,9,12,9,14
SATSOP SCHOOL DISTRICT,2015-16,0,,,,,,,,,,,,,,,0,0,0,0,0,0,0,0,0,0,0,0,0,0
SEATTLE PUBLIC SCHOOLS,2015-16,"6,036",81.0%,1.3%,13.4%,4.3%,1.0%,3.6%,0.3%,0.0%,89.5%,89.9%,89.2%,87.7%,90.6%,86.7%,"4,890",78,808,260,60,217,20,3,631,612,649,744,565,802
SEDRO-WOOLLEY SCHOOL DISTRICT,2015-16,300,85.0%,7.3%,0.3%,7.3%,1.0%,6.3%,0.3%,0.0%,90.0%,90.0%,91.0%,90.3%,90.7%,89.0%,255,22,1,22,3,19,1,0,30,30,27,29,28,33
SELAH SCHOOL DISTRICT,2015-16,267,55.4%,1.1%,41.6%,1.9%,1.1%,0.7%,0.0%,0.0%,70.4%,70.4%,72.3%,63.3%,75.7%,71.5%,148,3,111,5,3,2,0,0,79,79,74,98,65,76
SELKIRK SCHOOL DISTRICT,2015-16,20,90.0%,0.0%,0.0%,10.0%,5.0%,5.0%,0.0%,0.0%,95.0%,95.0%,95.0%,95.0%,90.0%,95.0%,18,0,0,2,1,1,0,0,1,1,1,1,2,1
SEQUIM SCHOOL DISTRICT,2015-16,205,79.0%,3.9%,9.8%,7.3%,0.5%,6.8%,0.0%,0.0%,84.4%,84.4%,86.8%,84.4%,91.2%,82.9%,162,8,20,15,1,14,0,0,32,32,27,32,18,35
SHAW ISLAND SCHOOL DISTRICT,2015-16,2,0.0%,0.0%,0.0%,100.0%,0.0%,100.0%,0.0%,0.0%,50.0%,50.0%,0.0%,0.0%,0.0%,0.0%,0,0,0,2,0,2,0,0,1,1,2,2,2,2
SHELTON SCHOOL DISTRICT,2015-16,316,80.1%,4.4%,11.7%,3.8%,2.2%,1.6%,0.0%,0.0%,84.8%,85.1%,87.0%,85.4%,91.1%,85.8%,253,14,37,12,7,5,0,0,48,47,41,46,28,45
SHORELINE SCHOOL DISTRICT,2015-16,815,83.3%,7.4%,1.7%,7.6%,0.6%,7.0%,0.0%,0.0%,89.0%,88.7%,89.2%,87.1%,91.0%,86.9%,679,60,14,62,5,57,0,0,90,92,88,105,73,107
SKAMANIA SCHOOL DISTRICT,2015-16,0,,,,,,,,,,,,,,,0,0,0,0,0,0,0,0,0,0,0,0,0,0
SKYKOMISH SCHOOL DISTRICT,2015-16,1,0.0%,0.0%,100.0%,0.0%,0.0%,0.0%,0.0%,0.0%,0.0%,0.0%,0.0%,0.0%,0.0%,0.0%,0,0,1,0,0,0,0,0,1,1,1,1,1,1
SNOHOMISH SCHOOL DISTRICT,2015-16,600,81.8%,1.0%,12.2%,5.0%,0.8%,3.7%,0.7%,0.0%,88.8%,88.8%,88.8%,87.5%,91.5%,86.8%,491,6,73,30,5,22,4,0,67,67,67,75,51,79
SNOQUALMIE VALLEY SCHOOL DISTRICT,2015-16,499,90.8%,0.6%,4.4%,4.2%,1.2%,3.0%,0.0%,0.0%,94.8%,94.8%,93.6%,94.4%,95.6%,93.2%,453,3,22,21,6,15,0,0,26,26,32,28,22,34
SOAP LAKE SCHOOL DISTRICT,2015-16,32,84.4%,3.1%,9.4%,3.1%,0.0%,0.0%,0.0%,3.1%,84.4%,84.4%,84.4%,84.4%,90.6%,84.4%,27,1,3,1,0,0,0,1,5,5,5,5,3,5
SOUTH BEND SCHOOL DISTRICT,2015-16,46,89.1%,2.2%,0.0%,8.7%,0.0%,6.5%,2.2%,0.0%,91.3%,91.3%,93.5%,93.5%,91.3%,91.3%,41,1,0,4,0,3,1,0,4,4,3,3,4,4
SOUTH KITSAP SCHOOL DISTRICT,2015-16,773,93.5%,1.9%,0.8%,3.8%,0.6%,3.2%,0.1%,0.0%,94.3%,94.3%,94.4%,94.3%,96.6%,93.9%,723,15,6,29,5,25,1,0,44,44,43,44,26,47
SOUTH WHIDBEY SCHOOL DISTRICT,2015-16,120,66.7%,2.5%,22.5%,8.3%,2.5%,5.8%,0.0%,0.0%,76.7%,76.7%,75.0%,70.8%,72.5%,79.2%,80,3,27,10,3,7,0,0,28,28,30,35,33,25
SOUTHSIDE SCHOOL DISTRICT,2015-16,32,65.6%,3.1%,28.1%,3.1%,3.1%,0.0%,0.0%,0.0%,78.1%,78.1%,81.3%,75.0%,84.4%,81.3%,21,1,9,1,1,0,0,0,7,7,6,8,5,6
SPOKANE SCHOOL DISTRICT,2015-16,"2,762",87.7%,2.8%,1.6%,7.9%,2.2%,5.6%,0.4%,0.1%,91.9%,92.1%,92.7%,93.2%,93.4%,90.9%,"2,423",77,43,219,60,156,10,4,224,219,203,189,182,252
SPRAGUE SCHOOL DISTRICT,2015-16,8,87.5%,12.5%,0.0%,0.0%,0.0%,0.0%,0.0%,0.0%,87.5%,87.5%,87.5%,87.5%,100.0%,87.5%,7,1,0,0,0,0,0,0,1,1,1,1,0,1
ST. JOHN SCHOOL DISTRICT,2015-16,9,88.9%,0.0%,0.0%,11.1%,0.0%,11.1%,0.0%,0.0%,88.9%,88.9%,88.9%,88.9%,100.0%,88.9%,8,0,0,1,0,1,0,0,1,1,1,1,0,1
STANWOOD-CAMANO SCHOOL DISTRICT,2015-16,289,76.1%,1.7%,17.6%,4.5%,0.3%,4.2%,0.0%,0.0%,81.3%,81.3%,80.3%,81.0%,88.6%,78.2%,220,5,51,13,1,12,0,0,54,54,57,55,33,63
STAR SCHOOL DISTRICT,2015-16,0,,,,,,,,,,,,,,,0,0,0,0,0,0,0,0,0,0,0,0,0,0
STARBUCK SCHOOL DISTRICT,2015-16,0,,,,,,,,,,,,,,,0,0,0,0,0,0,0,0,0,0,0,0,0,0
STEHEKIN SCHOOL DISTRICT,2015-16,0,,,,,,,,,,,,,,,0,0,0,0,0,0,0,0,0,0,0,0,0,0
STEILACOOM HIST. SCHOOL DISTRICT,2015-16,242,75.6%,2.5%,21.1%,0.8%,0.4%,0.4%,0.0%,0.0%,85.5%,85.5%,87.2%,80.2%,93.4%,86.8%,183,6,51,2,1,1,0,0,35,35,31,48,16,32
STEPTOE SCHOOL DISTRICT,2015-16,5,100.0%,0.0%,0.0%,0.0%,0.0%,0.0%,0.0%,0.0%,100.0%,100.0%,100.0%,100.0%,100.0%,100.0%,5,0,0,0,0,0,0,0,0,0,0,0,0,0
STEVENSON-CARSON SCHOOL DISTRICT,2015-16,64,85.9%,3.1%,3.1%,7.8%,3.1%,1.6%,1.6%,1.6%,93.8%,93.8%,93.8%,92.2%,98.4%,89.1%,55,2,2,5,2,1,1,1,4,4,4,5,1,7
SULTAN SCHOOL DISTRICT,2015-16,133,72.9%,0.0%,24.8%,2.3%,0.8%,0.0%,0.0%,1.5%,82.7%,82.7%,79.7%,83.5%,88.0%,77.4%,97,0,33,3,1,0,0,2,23,23,27,22,16,30
SUMMIT VALLEY SCHOOL DISTRICT,2015-16,5,40.0%,0.0%,0.0%,60.0%,20.0%,40.0%,0.0%,0.0%,40.0%,40.0%,60.0%,40.0%,60.0%,60.0%,2,0,0,3,1,2,0,0,3,3,2,3,2,2
SUMNER SCHOOL DISTRICT,2015-16,638,89.5%,2.7%,3.6%,4.2%,1.6%,2.4%,0.3%,0.0%,95.0%,95.0%,95.3%,94.7%,95.8%,93.7%,571,17,23,27,10,15,2,0,32,32,30,34,27,40
SUNNYSIDE SCHOOL DISTRICT,2015-16,534,96.8%,0.2%,1.7%,1.3%,0.0%,1.3%,0.0%,0.0%,98.3%,98.3%,97.2%,98.1%,98.9%,97.2%,517,1,9,7,0,7,0,0,9,9,15,10,6,15
TACOMA SCHOOL DISTRICT,2015-16,"2,651",84.8%,1.5%,9.6%,4.1%,0.9%,3.2%,0.2%,0.2%,90.5%,97.5%,91.1%,89.9%,93.5%,90.1%,"2,247",39,255,110,25,84,6,6,252,67,236,269,172,262
TAHOLAH SCHOOL DISTRICT,2015-16,7,71.4%,0.0%,28.6%,0.0%,0.0%,0.0%,0.0%,0.0%,71.4%,71.4%,85.7%,85.7%,100.0%,85.7%,5,0,2,0,0,0,0,0,2,2,1,1,0,1
TAHOMA SCHOOL DISTRICT,2015-16,549,84.3%,0.5%,10.7%,4.4%,0.2%,3.8%,0.2%,0.2%,90.0%,89.8%,90.0%,88.5%,92.2%,88.3%,463,3,59,24,1,21,1,1,55,56,55,63,43,64
TEKOA SCHOOL DISTRICT,2015-16,15,86.7%,13.3%,0.0%,0.0%,0.0%,0.0%,0.0%,0.0%,100.0%,100.0%,86.7%,100.0%,100.0%,86.7%,13,2,0,0,0,0,0,0,0,0,2,0,0,2
TENINO SCHOOL DISTRICT,2015-16,88,78.4%,2.3%,15.9%,3.4%,1.1%,1.1%,1.1%,0.0%,85.2%,85.2%,89.8%,87.5%,93.2%,84.1%,69,2,14,3,1,1,1,0,13,13,9,11,6,14
THORP SCHOOL DISTRICT,2015-16,11,81.8%,18.2%,0.0%,0.0%,0.0%,0.0%,0.0%,0.0%,100.0%,90.9%,100.0%,90.9%,90.9%,81.8%,9,2,0,0,0,0,0,0,0,1,0,1,1,2
TOLEDO SCHOOL DISTRICT,2015-16,42,85.7%,4.8%,7.1%,2.4%,2.4%,0.0%,0.0%,0.0%,95.2%,95.2%,97.6%,90.5%,95.2%,92.9%,36,2,3,1,1,0,0,0,2,2,1,4,2,3
TONASKET SCHOOL DISTRICT,2015-16,92,81.5%,1.1%,13.0%,4.3%,2.2%,2.2%,0.0%,0.0%,85.9%,84.8%,85.9%,87.0%,95.7%,82.6%,75,1,12,4,2,2,0,0,13,14,13,12,4,16
TOPPENISH SCHOOL DISTRICT,2015-16,283,94.3%,0.7%,4.9%,0.0%,0.0%,0.0%,0.0%,0.0%,96.8%,96.8%,97.2%,95.8%,99.6%,96.1%,267,2,14,0,0,0,0,0,9,9,8,12,1,11
TOUCHET SCHOOL DISTRICT,2015-16,14,100.0%,0.0%,0.0%,0.0%,0.0%,0.0%,0.0%,0.0%,100.0%,100.0%,100.0%,100.0%,100.0%,100.0%,14,0,0,0,0,0,0,0,0,0,0,0,0,0
TOUTLE LAKE SCHOOL DISTRICT,2015-16,48,81.3%,2.1%,14.6%,2.1%,0.0%,2.1%,0.0%,0.0%,85.4%,85.4%,87.5%,85.4%,89.6%,83.3%,39,1,7,1,0,1,0,0,7,7,6,7,5,8
TROUT LAKE SCHOOL DISTRICT,2015-16,9,44.4%,22.2%,33.3%,0.0%,0.0%,0.0%,0.0%,0.0%,55.6%,55.6%,55.6%,66.7%,66.7%,66.7%,4,2,3,0,0,0,0,0,4,4,4,3,3,3
TUKWILA SCHOOL DISTRICT,2015-16,263,88.2%,5.3%,4.6%,1.9%,0.4%,1.1%,0.4%,0.0%,90.1%,90.1%,93.9%,93.2%,96.6%,92.8%,232,14,12,5,1,3,1,0,26,26,16,18,9,19
TUMWATER SCHOOL DISTRICT,2015-16,452,83.2%,3.1%,7.7%,6.0%,0.7%,5.3%,0.2%,0.0%,90.9%,90.9%,91.6%,88.9%,90.7%,89.2%,376,14,35,27,3,24,1,0,41,41,38,50,42,49
UNION GAP SCHOOL DISTRICT,2015-16,72,81.9%,1.4%,16.7%,0.0%,0.0%,0.0%,0.0%,0.0%,93.1%,93.1%,93.1%,90.3%,94.4%,87.5%,59,1,12,0,0,0,0,0,5,5,5,7,4,9
UNIVERSITY PLACE SCHOOL DISTRICT,2015-16,380,85.5%,1.3%,9.5%,3.7%,0.8%,2.9%,0.0%,0.0%,91.6%,91.6%,91.6%,90.8%,93.7%,90.0%,325,5,36,14,3,11,0,0,32,32,32,35,24,38
VALLEY SCHOOL DISTRICT,2015-16,27,70.4%,3.7%,11.1%,14.8%,0.0%,14.8%,0.0%,0.0%,70.4%,70.4%,74.1%,70.4%,77.8%,74.1%,19,1,3,4,0,4,0,0,8,8,7,8,6,7
VANCOUVER SCHOOL DISTRICT,2015-16,"1,853",80.4%,2.3%,12.1%,5.2%,0.8%,4.3%,0.2%,0.1%,85.9%,85.9%,86.5%,84.8%,90.0%,84.7%,"1,489",42,225,97,14,80,4,1,261,261,251,282,185,283
VASHON ISLAND SCHOOL DISTRICT,2015-16,83,60.2%,12.0%,14.5%,13.3%,2.4%,9.6%,1.2%,0.0%,77.1%,77.1%,77.1%,69.9%,73.5%,69.9%,50,10,12,11,2,8,1,0,19,19,19,25,22,25
WAHKIAKUM SCHOOL DISTRICT,2015-16,28,82.1%,0.0%,10.7%,7.1%,7.1%,0.0%,0.0%,0.0%,96.4%,96.4%,92.9%,92.9%,96.4%,82.1%,23,0,3,2,2,0,0,0,1,1,2,2,1,5
WAHLUKE SCHOOL DISTRICT,2015-16,229,87.3%,0.4%,11.8%,0.4%,0.0%,0.0%,0.4%,0.0%,91.3%,91.3%,90.4%,90.4%,98.3%,89.5%,200,1,27,1,0,0,1,0,20,20,22,22,4,24
WAITSBURG SCHOOL DISTRICT,2015-16,16,100.0%,0.0%,0.0%,0.0%,0.0%,0.0%,0.0%,0.0%,100.0%,100.0%,100.0%,100.0%,100.0%,100.0%,16,0,0,0,0,0,0,0,0,0,0,0,0,0
WALLA WALLA PUBLIC SCHOOLS,2015-16,404,87.4%,2.0%,7.7%,3.0%,0.2%,1.7%,0.7%,0.2%,93.6%,93.6%,94.6%,92.6%,95.5%,92.1%,353,8,31,12,1,7,3,1,26,26,22,30,18,32
WAPATO SCHOOL DISTRICT,2015-16,229,30.1%,0.4%,69.4%,0.0%,0.0%,0.0%,0.0%,0.0%,34.5%,34.5%,34.9%,31.0%,42.4%,34.1%,69,1,159,0,0,0,0,0,150,150,149,158,132,151
WARDEN SCHOOL DISTRICT,2015-16,74,95.9%,0.0%,4.1%,0.0%,0.0%,0.0%,0.0%,0.0%,97.3%,97.3%,95.9%,97.3%,98.6%,95.9%,71,0,3,0,0,0,0,0,2,2,3,2,1,3
WASHOUGAL SCHOOL DISTRICT,2015-16,237,81.9%,4.2%,3.0%,11.0%,4.2%,5.5%,0.8%,0.4%,86.5%,86.5%,88.6%,86.9%,90.7%,84.8%,194,10,7,26,10,13,2,1,32,32,27,31,22,36
WASHTUCNA SCHOOL DISTRICT,2015-16,2,100.0%,0.0%,0.0%,0.0%,0.0%,0.0%,0.0%,0.0%,100.0%,100.0%,100.0%,100.0%,100.0%,100.0%,2,0,0,0,0,0,0,0,0,0,0,0,0,0
WATERVILLE SCHOOL DISTRICT,2015-16,18,88.9%,0.0%,11.1%,0.0%,0.0%,0.0%,0.0%,0.0%,94.4%,94.4%,94.4%,94.4%,94.4%,94.4%,16,0,2,0,0,0,0,0,1,1,1,1,1,1
WELLPINIT SCHOOL DISTRICT,2015-16,33,87.9%,0.0%,12.1%,0.0%,0.0%,0.0%,0.0%,0.0%,87.9%,87.9%,90.9%,90.9%,93.9%,90.9%,29,0,4,0,0,0,0,0,4,4,3,3,2,3
WENATCHEE SCHOOL DISTRICT,2015-16,636,94.0%,1.3%,1.6%,3.1%,0.5%,2.5%,0.2%,0.0%,96.4%,96.4%,97.0%,96.1%,96.7%,96.2%,598,8,10,20,3,16,1,0,23,23,19,25,21,24
WEST VALLEY SCHOOL DISTRICT (SPOKANE),2015-16,234,86.3%,2.1%,6.8%,4.7%,0.9%,3.4%,0.0%,0.4%,91.5%,91.5%,91.5%,92.3%,91.0%,89.3%,202,5,16,11,2,8,0,1,20,20,20,18,21,25
WEST VALLEY SCHOOL DISTRICT (YAKIMA),2015-16,347,92.2%,0.9%,5.5%,1.4%,0.9%,0.9%,0.0%,0.0%,95.7%,95.7%,95.1%,95.1%,96.3%,94.5%,320,3,19,5,3,3,0,0,15,15,17,17,13,19
WHITE PASS SCHOOL DISTRICT,2015-16,25,68.0%,0.0%,28.0%,4.0%,0.0%,4.0%,0.0%,0.0%,68.0%,68.0%,72.0%,68.0%,96.0%,68.0%,17,0,7,1,0,1,0,0,8,8,7,8,1,8
WHITE RIVER SCHOOL DISTRICT,2015-16,342,83.0%,4.1%,2.9%,9.9%,7.3%,2.9%,0.0%,0.0%,89.5%,89.5%,89.2%,88.9%,93.3%,87.7%,284,14,10,34,25,10,0,0,36,36,37,38,23,42
WHITE SALMON VALLEY SCHOOL DISTRICT,2015-16,100,82.0%,3.0%,2.0%,13.0%,1.0%,11.0%,1.0%,0.0%,89.0%,89.0%,91.0%,88.0%,91.0%,87.0%,82,3,2,13,1,11,1,0,11,11,9,12,9,13
WILBUR SCHOOL DISTRICT,2015-16,15,100.0%,0.0%,0.0%,0.0%,0.0%,0.0%,0.0%,0.0%,100.0%,100.0%,100.0%,100.0%,100.0%,100.0%,15,0,0,0,0,0,0,0,0,0,0,0,0,0
WILLAPA VALLEY SCHOOL DISTRICT,2015-16,23,95.7%,4.3%,0.0%,0.0%,0.0%,0.0%,0.0%,0.0%,95.7%,95.7%,100.0%,95.7%,100.0%,100.0%,22,1,0,0,0,0,0,0,1,1,0,1,0,0
WILSON CREEK SCHOOL DISTRICT,2015-16,11,100.0%,0.0%,0.0%,0.0%,0.0%,0.0%,0.0%,0.0%,100.0%,100.0%,100.0%,100.0%,100.0%,100.0%,11,0,0,0,0,0,0,0,0,0,0,0,0,0
WINLOCK SCHOOL DISTRICT,2015-16,48,97.9%,0.0%,2.1%,0.0%,0.0%,0.0%,0.0%,0.0%,100.0%,100.0%,100.0%,95.8%,100.0%,93.8%,47,0,1,0,0,0,0,0,0,0,0,2,0,3
WISHKAH VALLEY SCHOOL DISTRICT,2015-16,9,77.8%,0.0%,22.2%,0.0%,0.0%,0.0%,0.0%,0.0%,77.8%,77.8%,77.8%,88.9%,100.0%,77.8%,7,0,2,0,0,0,0,0,2,2,2,1,0,2
WISHRAM SCHOOL DISTRICT,2015-16,0,,,,,,,,,,,,,,,0,0,0,0,0,0,0,0,0,0,0,0,0,0
WOODLAND SCHOOL DISTRICT,2015-16,182,78.6%,2.2%,15.9%,3.3%,1.6%,0.5%,1.1%,0.0%,85.2%,85.2%,85.2%,83.5%,90.1%,84.6%,143,4,29,6,3,1,2,0,27,27,27,30,18,28
YAKIMA SCHOOL DISTRICT,2015-16,"1,399",94.3%,1.7%,0.9%,3.1%,2.9%,0.3%,0.0%,0.0%,97.3%,97.3%,97.8%,97.1%,97.8%,96.9%,"1,319",24,12,44,40,4,0,0,38,38,31,40,31,43
YELM SCHOOL DISTRICT,2015-16,370,74.3%,2.7%,19.7%,3.2%,1.1%,1.4%,0.5%,0.3%,81.1%,81.1%,84.9%,81.6%,87.3%,82.7%,275,10,73,12,4,5,2,1,70,70,56,68,47,64
ZILLAH SCHOOL DISTRICT,2015-16,99,83.8%,0.0%,14.1%,2.0%,0.0%,2.0%,0.0%,0.0%,86.9%,86.9%,87.9%,87.9%,92.9%,86.9%,83,0,14,2,0,2,0,0,13,13,12,12,7,13