School District,School_year,Reported_enrollment,Percent_complete_for_all_immunizations,Percent_conditional,Percent_out_of_compliance,Percent_with_any_exemption,Percent_with_medical_exemption,Percent_with_personal_exemption,Percent_with_religious_exemption,Percent_with_religious_membership_exemption,Percent_complete_for_diphtheria_tetanus,Percent_complete_for_pertussis,Percent_complete_for_measles_mumps_rubella,Percent_complete_for_polio,Percent_complete_for_HepatitisB,Percent_complete_for_varicella,Number_complete_for_all_immunizations,Number_conditional,Number_out_of_compliance,Number_with_any_exemption,Number_with_medical_exemption,Number_with_personal_exemption,Number_with_religious_exemption,Number_with_religious_membership_exemption,Number_incomplete_for_diphtheria_tetanus,Number_incomplete_for_pertussis,Number_incomplete_for_measles_mumps_rubella,Number_incomplete_for_polio,Number_incomplete_for_HepatitisB,Number_incomplete_for_varicella
Aberdeen School District,2017-18, 200 ,86.5%,10.5%,3.0%,0.0%,0.0%,0.0%,0.0%,0.0%,92.0%,92.0%,91.5%,92.5%,96.0%,88.5%, 173 , 21 , 6 , -   , -   , -   , -   , -   , 16 , 16 , 17 , 15 , 8 , 23 
Adna School District,2017-18, 39 ,92.3%,0.0%,0.0%,7.7%,2.6%,2.6%,0.0%,2.6%,94.9%,94.9%,97.4%,94.9%,97.4%,94.9%, 36 , -   , -   , 3 , 1 , 1 , -   , 1 , 2 , 2 , 1 , 2 , 1 , 2 
Almira School District,2017-18, 3 ,100.0%,0.0%,0.0%,0.0%,0.0%,0.0%,0.0%,0.0%,100.0%,100.0%,100.0%,100.0%,100.0%,100.0%, 3 , -   , -   , -   , -   , -   , -   , -   , -   , -   , -   , -   , -   , -   
Anacortes School District,2017-18, 211 ,88.2%,4.3%,0.0%,7.6%,0.5%,7.1%,0.0%,0.0%,92.9%,92.9%,94.3%,92.4%,91.0%,92.4%, 186 , 9 , -   , 16 , 1 , 15 , -   , -   , 15 , 15 , 12 , 16 , 19 , 16 
Arlington School District,2017-18, 401 ,80.5%,1.7%,11.0%,6.7%,2.0%,4.2%,0.2%,0.2%,86.0%,86.0%,87.0%,84.3%,91.3%,85.3%, 323 , 7 , 44 , 27 , 8 , 17 , 1 , 1 , 56 , 56 , 52 , 63 , 35 , 59 
Asotin-Anatone School District,2017-18, 33 ,90.9%,6.1%,0.0%,3.0%,3.0%,0.0%,0.0%,0.0%,90.9%,90.9%,93.9%,90.9%,97.0%,93.9%, 30 , 2 , -   , 1 , 1 , -   , -   , -   , 3 , 3 , 2 , 3 , 1 , 2 
Auburn School District,2017-18," 1,351 ",84.5%,2.2%,7.8%,5.4%,0.8%,4.5%,0.2%,0.0%,89.0%,89.0%,89.7%,89.5%,93.3%,88.2%," 1,142 ", 30 , 106 , 73 , 11 , 61 , 3 , -   , 149 , 149 , 139 , 142 , 90 , 160 
Bainbridge Island School District,2017-18, 275 ,87.3%,2.9%,1.1%,8.7%,0.7%,8.0%,0.0%,0.0%,91.3%,91.3%,91.3%,90.2%,89.8%,90.9%, 240 , 8 , 3 , 24 , 2 , 22 , -   , -   , 24 , 24 , 24 , 27 , 28 , 25 
Battle Ground School District,2017-18, 933 ,81.2%,2.9%,1.8%,14.0%,1.3%,12.5%,0.2%,0.1%,86.7%,86.7%,87.4%,86.5%,85.3%,86.2%, 758 , 27 , 17 , 131 , 12 , 117 , 2 , 1 , 124 , 124 , 118 , 126 , 137 , 129 
Bellevue School District,2017-18," 2,025 ",85.8%,0.7%,10.2%,3.3%,1.0%,2.4%,0.0%,0.0%,91.2%,91.3%,91.0%,91.7%,92.5%,88.5%," 1,738 ", 14 , 206 , 67 , 20 , 49 , -   , -   , 179 , 177 , 182 , 169 , 151 , 232 
Bellingham School District,2017-18, 130 ,71.5%,2.3%,1.5%,24.6%,3.8%,36.9%,0.0%,0.0%,81.5%,82.3%,81.5%,78.5%,76.2%,77.7%, 93 , 3 , 2 , 32 , 5 , 48 , -   , -   , 24 , 23 , 24 , 28 , 31 , 29 
Benge School District,2017-18, 2 ,50.0%,0.0%,0.0%,50.0%,0.0%,50.0%,0.0%,0.0%,50.0%,50.0%,50.0%,50.0%,50.0%,50.0%, 1 , -   , -   , 1 , -   , 1 , -   , -   , 1 , 1 , 1 , 1 , 1 , 1 
Bethel School District,2017-18," 1,501 ",92.7%,1.8%,1.8%,3.7%,0.5%,2.7%,0.3%,0.2%,94.7%,94.7%,95.5%,95.1%,95.9%,94.5%," 1,392 ", 27 , 27 , 55 , 8 , 40 , 4 , 3 , 80 , 80 , 68 , 74 , 61 , 83 
Bickleton School District,2017-18, 14 ,85.7%,7.1%,0.0%,7.1%,0.0%,7.1%,0.0%,0.0%,85.7%,85.7%,85.7%,85.7%,85.7%,85.7%, 12 , 1 , -   , 1 , -   , 1 , -   , -   , 2 , 2 , 2 , 2 , 2 , 2 
Blaine School District,2017-18, 5 ,20.0%,0.0%,80.0%,0.0%,0.0%,0.0%,0.0%,0.0%,20.0%,20.0%,20.0%,20.0%,20.0%,20.0%, 1 , -   , 4 , -   , -   , -   , -   , -   , 4 , 4 , 4 , 4 , 4 , 4 
Boistfort School District,2017-18, 9 ,100.0%,0.0%,0.0%,0.0%,0.0%,0.0%,0.0%,0.0%,100.0%,100.0%,100.0%,100.0%,100.0%,100.0%, 9 , -   , -   , -   , -   , -   , -   , -   , -   , -   , -   , -   , -   , -   
Bremerton School District,2017-18, 297 ,78.8%,2.7%,15.2%,3.4%,0.3%,2.7%,0.3%,0.0%,84.2%,84.2%,86.2%,82.8%,88.6%,83.2%, 234 , 8 , 45 , 10 , 1 , 8 , 1 , -   , 47 , 47 , 41 , 51 , 34 , 50 
Brewster School District,2017-18, 80 ,93.8%,2.5%,3.8%,0.0%,0.0%,0.0%,0.0%,0.0%,93.8%,93.8%,95.0%,95.0%,96.3%,95.0%, 75 , 2 , 3 , -   , -   , -   , -   , -   , 5 , 5 , 4 , 4 , 3 , 4 
Bridgeport School District,2017-18, 56 ,92.9%,0.0%,7.1%,0.0%,0.0%,0.0%,0.0%,0.0%,94.6%,94.6%,96.4%,96.4%,98.2%,94.6%, 52 , -   , 4 , -   , -   , -   , -   , -   , 3 , 3 , 2 , 2 , 1 , 3 
Brinnon School District,2017-18, 9 ,55.6%,0.0%,22.2%,22.2%,0.0%,22.2%,0.0%,0.0%,66.7%,66.7%,77.8%,66.7%,55.6%,77.8%, 5 , -   , 2 , 2 , -   , 2 , -   , -   , 3 , 3 , 2 , 3 , 4 , 2 
Burlington-Edison School District,2017-18, 270 ,70.7%,0.4%,25.2%,3.7%,0.7%,4.1%,0.0%,0.0%,84.1%,84.1%,78.5%,81.1%,88.9%,79.3%, 191 , 1 , 68 , 10 , 2 , 11 , -   , -   , 43 , 43 , 58 , 51 , 30 , 56 
Camas School District,2017-18, 464 ,90.1%,0.4%,1.7%,7.8%,1.1%,5.8%,0.9%,0.0%,92.0%,92.0%,92.0%,92.0%,91.8%,91.6%, 418 , 2 , 8 , 36 , 5 , 27 , 4 , -   , 37 , 37 , 37 , 37 , 38 , 39 
Cape Flattery School District,2017-18, 11 ,100.0%,0.0%,0.0%,0.0%,0.0%,0.0%,0.0%,0.0%,100.0%,100.0%,100.0%,100.0%,100.0%,100.0%, 11 , -   , -   , -   , -   , -   , -   , -   , -   , -   , -   , -   , -   , -   
Carbonado School District,2017-18, 14 ,85.7%,0.0%,7.1%,7.1%,0.0%,7.1%,0.0%,0.0%,85.7%,85.7%,85.7%,85.7%,100.0%,85.7%, 12 , -   , 1 , 1 , -   , 1 , -   , -   , 2 , 2 , 2 , 2 , -   , 2 
Cascade School District,2017-18, 13 ,69.2%,0.0%,0.0%,30.8%,0.0%,30.8%,0.0%,0.0%,76.9%,76.9%,76.9%,76.9%,69.2%,69.2%, 9 , -   , -   , 4 , -   , 4 , -   , -   , 3 , 3 , 3 , 3 , 4 , 4 
Cashmere School District,2017-18, 114 ,96.5%,0.0%,0.9%,2.6%,0.9%,1.8%,0.0%,0.0%,98.2%,97.4%,100.0%,98.2%,97.4%,100.0%, 110 , -   , 1 , 3 , 1 , 2 , -   , -   , 2 , 3 , -   , 2 , 3 , -   
Castle Rock School District,2017-18, 96 ,88.5%,5.2%,2.1%,4.2%,0.0%,4.2%,0.0%,0.0%,90.6%,90.6%,93.8%,91.7%,97.9%,93.8%, 85 , 5 , 2 , 4 , -   , 4 , -   , -   , 9 , 9 , 6 , 8 , 2 , 6 
Centerville School District,2017-18, 6 ,83.3%,0.0%,16.7%,0.0%,0.0%,0.0%,0.0%,0.0%,100.0%,100.0%,100.0%,100.0%,100.0%,83.3%, 5 , -   , 1 , -   , -   , -   , -   , -   , -   , -   , -   , -   , -   , 1 
Central Kitsap School District,2017-18, 889 ,90.7%,1.2%,4.9%,3.1%,0.9%,2.0%,0.2%,0.0%,93.6%,93.6%,94.3%,93.8%,94.9%,93.6%, 806 , 11 , 44 , 28 , 8 , 18 , 2 , -   , 57 , 57 , 51 , 55 , 45 , 57 
Central Valley School District,2017-18," 1,041 ",74.4%,2.1%,16.2%,7.6%,0.2%,7.0%,0.5%,0.0%,80.1%,81.2%,81.4%,80.9%,83.1%,79.0%, 774 , 22 , 169 , 79 , 2 , 73 , 5 , -   , 207 , 196 , 194 , 199 , 176 , 219 
Centralia School District,2017-18, 282 ,88.3%,1.4%,7.1%,3.2%,0.0%,3.2%,0.0%,0.0%,90.4%,90.4%,94.0%,90.8%,95.0%,92.2%, 249 , 4 , 20 , 9 , -   , 9 , -   , -   , 27 , 27 , 17 , 26 , 14 , 22 
Chehalis School District,2017-18, 229 ,88.2%,0.9%,7.0%,3.9%,0.9%,3.5%,0.0%,0.0%,89.5%,89.5%,90.8%,90.4%,94.3%,90.4%, 202 , 2 , 16 , 9 , 2 , 8 , -   , -   , 24 , 24 , 21 , 22 , 13 , 22 
Cheney School District,2017-18, 386 ,76.2%,1.3%,17.1%,5.4%,0.0%,5.2%,0.0%,0.3%,83.2%,83.2%,82.6%,82.6%,86.5%,81.9%, 294 , 5 , 66 , 21 , -   , 20 , -   , 1 , 65 , 65 , 67 , 67 , 52 , 70 
Chewelah School District,2017-18, 24 ,66.7%,0.0%,33.3%,0.0%,0.0%,0.0%,0.0%,0.0%,79.2%,79.2%,75.0%,75.0%,91.7%,70.8%, 16 , -   , 8 , -   , -   , -   , -   , -   , 5 , 5 , 6 , 6 , 2 , 7 
Chimacum School District,2017-18, 78 ,73.1%,5.1%,5.1%,16.7%,2.6%,12.8%,1.3%,0.0%,78.2%,78.2%,79.5%,76.9%,74.4%,76.9%, 57 , 4 , 4 , 13 , 2 , 10 , 1 , -   , 17 , 17 , 16 , 18 , 20 , 18 
Clarkston School District,2017-18, 212 ,81.6%,1.4%,13.7%,3.3%,0.5%,2.8%,0.0%,0.0%,84.4%,84.4%,87.3%,83.0%,92.0%,84.9%, 173 , 3 , 29 , 7 , 1 , 6 , -   , -   , 33 , 33 , 27 , 36 , 17 , 32 
Cle Elum-Roslyn School District,2017-18, 60 ,83.3%,1.7%,10.0%,5.0%,3.3%,1.7%,0.0%,0.0%,86.7%,86.7%,86.7%,88.3%,91.7%,85.0%, 50 , 1 , 6 , 3 , 2 , 1 , -   , -   , 8 , 8 , 8 , 7 , 5 , 9 
Clover Park School District,2017-18," 1,366 ",90.8%,1.5%,6.5%,1.2%,0.7%,0.3%,0.1%,0.1%,94.4%,94.3%,95.0%,94.4%,96.3%,94.4%," 1,241 ", 20 , 89 , 16 , 9 , 4 , 2 , 1 , 76 , 78 , 68 , 77 , 50 , 76 
Colfax School District,2017-18, 84 ,100.0%,0.0%,0.0%,0.0%,0.0%,0.0%,0.0%,0.0%,100.0%,100.0%,100.0%,100.0%,100.0%,100.0%, 84 , -   , -   , -   , -   , -   , -   , -   , -   , -   , -   , -   , -   , -   
College Place School District,2017-18, 156 ,89.1%,0.6%,2.6%,7.7%,1.9%,5.1%,0.6%,0.0%,92.3%,92.3%,90.4%,89.7%,92.3%,89.7%, 139 , 1 , 4 , 12 , 3 , 8 , 1 , -   , 12 , 12 , 15 , 16 , 12 , 16 
Colton School District,2017-18, 17 ,100.0%,0.0%,0.0%,0.0%,0.0%,0.0%,0.0%,0.0%,100.0%,100.0%,100.0%,100.0%,100.0%,100.0%, 17 , -   , -   , -   , -   , -   , -   , -   , -   , -   , -   , -   , -   , -   
Columbia (Stevens) School District,2017-18, 8 ,100.0%,0.0%,0.0%,0.0%,0.0%,0.0%,0.0%,0.0%,100.0%,100.0%,100.0%,100.0%,100.0%,100.0%, 8 , -   , -   , -   , -   , -   , -   , -   , -   , -   , -   , -   , -   , -   
Columbia (Walla Walla) School District,2017-18, 47 ,80.9%,2.1%,10.6%,6.4%,0.0%,6.4%,0.0%,0.0%,89.4%,89.4%,85.1%,89.4%,85.1%,80.9%, 38 , 1 , 5 , 3 , -   , 3 , -   , -   , 5 , 5 , 7 , 5 , 7 , 9 
Colville School District,2017-18, 141 ,67.4%,3.5%,9.9%,19.1%,4.3%,14.2%,0.7%,0.0%,75.2%,75.2%,73.8%,75.9%,80.1%,73.0%, 95 , 5 , 14 , 27 , 6 , 20 , 1 , -   , 35 , 35 , 37 , 34 , 28 , 38 
Concrete School District,2017-18, 42 ,81.0%,0.0%,19.0%,0.0%,0.0%,0.0%,0.0%,0.0%,85.7%,85.7%,85.7%,92.9%,97.6%,90.5%, 34 , -   , 8 , -   , -   , -   , -   , -   , 6 , 6 , 6 , 3 , 1 , 4 
Conway School District,2017-18, 41 ,87.8%,0.0%,4.9%,7.3%,0.0%,4.9%,2.4%,0.0%,92.7%,92.7%,92.7%,92.7%,90.2%,92.7%, 36 , -   , 2 , 3 , -   , 2 , 1 , -   , 3 , 3 , 3 , 3 , 4 , 3 
Cosmopolis School District,2017-18, 21 ,33.3%,0.0%,66.7%,0.0%,0.0%,0.0%,0.0%,0.0%,38.1%,38.1%,42.9%,38.1%,66.7%,42.9%, 7 , -   , 14 , -   , -   , -   , -   , -   , 13 , 13 , 12 , 13 , 7 , 12 
Coulee-Hartline School District,2017-18, 15 ,66.7%,0.0%,26.7%,6.7%,0.0%,6.7%,0.0%,0.0%,66.7%,66.7%,86.7%,66.7%,86.7%,86.7%, 10 , -   , 4 , 1 , -   , 1 , -   , -   , 5 , 5 , 2 , 5 , 2 , 2 
Coupeville School District,2017-18, 72 ,84.7%,1.4%,8.3%,5.6%,0.0%,5.6%,0.0%,0.0%,90.3%,90.3%,87.5%,90.3%,90.3%,87.5%, 61 , 1 , 6 , 4 , -   , 4 , -   , -   , 7 , 7 , 9 , 7 , 7 , 9 
Creston School District,2017-18, 1 ,100.0%,0.0%,0.0%,0.0%,0.0%,0.0%,0.0%,0.0%,100.0%,100.0%,100.0%,100.0%,100.0%,100.0%, 1 , -   , -   , -   , -   , -   , -   , -   , -   , -   , -   , -   , -   , -   
Curlew School District,2017-18, 12 ,66.7%,0.0%,25.0%,8.3%,0.0%,8.3%,0.0%,0.0%,66.7%,66.7%,66.7%,66.7%,83.3%,66.7%, 8 , -   , 3 , 1 , -   , 1 , -   , -   , 4 , 4 , 4 , 4 , 2 , 4 
Cusick School District,2017-18, 10 ,60.0%,10.0%,20.0%,10.0%,0.0%,10.0%,0.0%,0.0%,80.0%,80.0%,70.0%,80.0%,70.0%,80.0%, 6 , 1 , 2 , 1 , -   , 1 , -   , -   , 2 , 2 , 3 , 2 , 3 , 2 
Damman School District,2017-18, 7 ,100.0%,0.0%,0.0%,0.0%,0.0%,0.0%,0.0%,0.0%,100.0%,100.0%,100.0%,100.0%,100.0%,100.0%, 7 , -   , -   , -   , -   , -   , -   , -   , -   , -   , -   , -   , -   , -   
Darrington School District,2017-18, 27 ,81.5%,3.7%,3.7%,11.1%,3.7%,7.4%,0.0%,0.0%,85.2%,85.2%,85.2%,88.9%,96.3%,81.5%, 22 , 1 , 1 , 3 , 1 , 2 , -   , -   , 4 , 4 , 4 , 3 , 1 , 5 
Davenport School District,2017-18, 66 ,78.8%,6.1%,12.1%,3.0%,0.0%,3.0%,0.0%,0.0%,84.8%,84.8%,90.9%,84.8%,87.9%,84.8%, 52 , 4 , 8 , 2 , -   , 2 , -   , -   , 10 , 10 , 6 , 10 , 8 , 10 
Dayton School District,2017-18, 28 ,78.6%,0.0%,21.4%,0.0%,0.0%,0.0%,0.0%,0.0%,89.3%,89.3%,89.3%,89.3%,82.1%,89.3%, 22 , -   , 6 , -   , -   , -   , -   , -   , 3 , 3 , 3 , 3 , 5 , 3 
Deer Park School District,2017-18, 146 ,84.9%,2.7%,3.4%,8.9%,2.7%,5.5%,0.7%,0.0%,89.0%,89.0%,89.7%,89.0%,93.2%,89.0%, 124 , 4 , 5 , 13 , 4 , 8 , 1 , -   , 16 , 16 , 15 , 16 , 10 , 16 
Dieringer School District,2017-18, 135 ,90.4%,0.7%,5.9%,3.0%,0.7%,1.5%,0.7%,0.0%,94.8%,94.8%,94.1%,94.1%,93.3%,93.3%, 122 , 1 , 8 , 4 , 1 , 2 , 1 , -   , 7 , 7 , 8 , 8 , 9 , 9 
Dixie School District,2017-18, -   ,,,,,,,,,,,,,,, -   , -   , -   , -   , -   , -   , -   , -   , -   , -   , -   , -   , -   , -   
East Valley School District (Spokane),2017-18, 321 ,84.1%,1.9%,3.1%,10.9%,2.2%,9.3%,0.0%,0.0%,86.9%,86.9%,88.8%,86.6%,89.1%,87.5%, 270 , 6 , 10 , 35 , 7 , 30 , -   , -   , 42 , 42 , 36 , 43 , 35 , 40 
East Valley School District (Yakima),2017-18, 256 ,96.9%,0.4%,2.0%,0.8%,0.4%,0.0%,0.4%,0.0%,98.4%,98.4%,98.8%,98.0%,98.0%,97.3%, 248 , 1 , 5 , 2 , 1 , -   , 1 , -   , 4 , 4 , 3 , 5 , 5 , 7 
Eastmont School District,2017-18, 417 ,97.1%,0.2%,1.2%,1.0%,0.0%,1.0%,0.0%,0.0%,97.8%,98.1%,98.1%,98.3%,98.3%,97.4%, 405 , 1 , 5 , 4 , -   , 4 , -   , -   , 9 , 8 , 8 , 7 , 7 , 11 
Easton School District,2017-18, 7 ,71.4%,0.0%,14.3%,14.3%,14.3%,0.0%,0.0%,0.0%,85.7%,85.7%,71.4%,85.7%,85.7%,71.4%, 5 , -   , 1 , 1 , 1 , -   , -   , -   , 1 , 1 , 2 , 1 , 1 , 2 
Eatonville School District,2017-18, 113 ,80.5%,1.8%,13.3%,4.4%,1.8%,1.8%,0.9%,0.0%,84.1%,84.1%,85.0%,86.7%,93.8%,83.2%, 91 , 2 , 15 , 5 , 2 , 2 , 1 , -   , 18 , 18 , 17 , 15 , 7 , 19 
Edmonds School District,2017-18," 1,720 ",86.7%,1.8%,6.0%,5.5%,0.6%,4.7%,0.2%,0.1%,91.9%,91.9%,92.3%,90.4%,93.0%,90.6%," 1,491 ", 31 , 103 , 95 , 10 , 81 , 3 , 1 , 140 , 139 , 133 , 165 , 120 , 161 
Ellensburg School District,2017-18, 286 ,81.5%,0.3%,14.7%,3.5%,0.0%,3.5%,0.0%,0.0%,87.4%,87.4%,86.4%,87.1%,92.0%,85.0%, 233 , 1 , 42 , 10 , -   , 10 , -   , -   , 36 , 36 , 39 , 37 , 23 , 43 
Elma School District,2017-18, 110 ,90.9%,2.7%,3.6%,2.7%,0.0%,2.7%,0.0%,0.0%,91.8%,91.8%,92.7%,90.9%,96.4%,92.7%, 100 , 3 , 4 , 3 , -   , 3 , -   , -   , 9 , 9 , 8 , 10 , 4 , 8 
Endicott School District,2017-18, 8 ,62.5%,0.0%,0.0%,37.5%,12.5%,25.0%,0.0%,0.0%,75.0%,75.0%,87.5%,75.0%,87.5%,62.5%, 5 , -   , -   , 3 , 1 , 2 , -   , -   , 2 , 2 , 1 , 2 , 1 , 3 
Enumclaw School District,2017-18, 357 ,84.6%,1.4%,7.0%,7.0%,1.4%,5.6%,0.3%,0.0%,88.8%,88.8%,90.8%,90.8%,91.6%,89.4%, 302 , 5 , 25 , 25 , 5 , 20 , 1 , -   , 40 , 40 , 33 , 33 , 30 , 38 
Ephrata School District,2017-18, 195 ,92.3%,1.5%,3.6%,2.6%,0.0%,1.5%,1.0%,0.0%,92.8%,92.8%,93.8%,93.3%,96.9%,93.8%, 180 , 3 , 7 , 5 , -   , 3 , 2 , -   , 14 , 14 , 12 , 13 , 6 , 12 
Evaline School District,2017-18, 10 ,80.0%,0.0%,0.0%,20.0%,0.0%,20.0%,0.0%,0.0%,80.0%,80.0%,80.0%,80.0%,90.0%,80.0%, 8 , -   , -   , 2 , -   , 2 , -   , -   , 2 , 2 , 2 , 2 , 1 , 2 
Everett School District,2017-18," 1,744 ",88.5%,1.0%,4.5%,6.1%,0.4%,5.5%,0.1%,0.2%,92.4%,92.3%,92.1%,91.9%,93.9%,91.2%," 1,544 ", 18 , 79 , 106 , 7 , 96 , 1 , 3 , 132 , 134 , 137 , 142 , 106 , 153 
Evergreen School District (Clark),2017-18," 1,800 ",60.5%,1.7%,31.1%,6.8%,1.1%,5.4%,0.2%,0.1%,73.3%,73.2%,74.2%,70.4%,78.8%,71.9%," 1,089 ", 30 , 559 , 122 , 19 , 98 , 3 , 2 , 481 , 482 , 465 , 532 , 382 , 506 
Evergreen School District (Stevens),2017-18, 6 ,83.3%,0.0%,0.0%,16.7%,16.7%,0.0%,0.0%,0.0%,83.3%,83.3%,83.3%,83.3%,83.3%,83.3%, 5 , -   , -   , 1 , 1 , -   , -   , -   , 1 , 1 , 1 , 1 , 1 , 1 
Excel Public Charter School LEA,2017-18, -   ,,,,,,,,,,,,,,, -   , -   , -   , -   , -   , -   , -   , -   , -   , -   , -   , -   , -   , -   
Federal Way School District,2017-18," 1,954 ",83.4%,1.4%,11.1%,4.1%,0.4%,3.3%,0.4%,0.1%,88.5%,88.6%,89.5%,89.2%,92.9%,88.1%," 1,630 ", 28 , 216 , 80 , 7 , 65 , 7 , 1 , 225 , 223 , 206 , 211 , 139 , 232 
Ferndale School District,2017-18, 317 ,83.9%,0.9%,5.4%,9.8%,0.3%,9.5%,0.0%,0.0%,86.4%,86.4%,86.4%,86.4%,89.6%,85.8%, 266 , 3 , 17 , 31 , 1 , 30 , -   , -   , 43 , 43 , 43 , 43 , 33 , 45 
Fife School District,2017-18, 300 ,88.7%,2.7%,0.7%,8.0%,0.3%,7.3%,0.3%,0.0%,93.0%,93.0%,92.7%,92.7%,94.7%,92.3%, 266 , 8 , 2 , 24 , 1 , 22 , 1 , -   , 21 , 21 , 22 , 22 , 16 , 23 
Finley School District,2017-18, -   ,,,,,,,,,,,,,,, -   , -   , -   , -   , -   , -   , -   , -   , -   , -   , -   , -   , -   , -   
Franklin Pierce School District,2017-18, 437 ,83.8%,1.6%,11.7%,3.0%,0.2%,2.7%,0.0%,0.0%,86.3%,86.3%,86.7%,86.5%,89.5%,85.6%, 366 , 7 , 51 , 13 , 1 , 12 , -   , -   , 60 , 60 , 58 , 59 , 46 , 63 
Freeman School District,2017-18, 45 ,88.9%,0.0%,0.0%,11.1%,0.0%,11.1%,0.0%,0.0%,91.1%,91.1%,91.1%,91.1%,91.1%,88.9%, 40 , -   , -   , 5 , -   , 5 , -   , -   , 4 , 4 , 4 , 4 , 4 , 5 
Garfield Palouse School District,2017-18, 6 ,100.0%,0.0%,0.0%,0.0%,0.0%,0.0%,0.0%,0.0%,100.0%,100.0%,100.0%,100.0%,100.0%,100.0%, 6 , -   , -   , -   , -   , -   , -   , -   , -   , -   , -   , -   , -   , -   
Glenwood School District,2017-18, 2 ,100.0%,0.0%,0.0%,0.0%,0.0%,0.0%,0.0%,0.0%,100.0%,100.0%,100.0%,100.0%,100.0%,100.0%, 2 , -   , -   , -   , -   , -   , -   , -   , -   , -   , -   , -   , -   , -   
Goldendale School District,2017-18, 84 ,81.0%,1.2%,1.2%,16.7%,3.6%,11.9%,1.2%,0.0%,84.5%,84.5%,86.9%,85.7%,88.1%,84.5%, 68 , 1 , 1 , 14 , 3 , 10 , 1 , -   , 13 , 13 , 11 , 12 , 10 , 13 
Grand Coulee Dam School District,2017-18, -   ,,,,,,,,,,,,,,, -   , -   , -   , -   , -   , -   , -   , -   , -   , -   , -   , -   , -   , -   
Grandview School District,2017-18, 277 ,74.4%,1.1%,24.2%,0.4%,0.0%,0.4%,0.0%,0.0%,80.5%,80.1%,81.2%,79.8%,84.5%,79.8%, 206 , 3 , 67 , 1 , -   , 1 , -   , -   , 54 , 55 , 52 , 56 , 43 , 56 
Granger School District,2017-18, 101 ,85.1%,0.0%,14.9%,0.0%,0.0%,0.0%,0.0%,0.0%,85.1%,100.0%,85.1%,85.1%,97.0%,86.1%, 86 , -   , 15 , -   , -   , -   , -   , -   , 15 , -   , 15 , 15 , 3 , 14 
Granite Falls School District,2017-18, 119 ,78.2%,5.0%,15.1%,1.7%,0.0%,1.7%,0.0%,0.0%,82.4%,82.4%,84.0%,84.9%,92.4%,80.7%, 93 , 6 , 18 , 2 , -   , 2 , -   , -   , 21 , 21 , 19 , 18 , 9 , 23 
Grapeview School District,2017-18, 20 ,65.0%,5.0%,30.0%,0.0%,0.0%,0.0%,0.0%,0.0%,70.0%,70.0%,75.0%,65.0%,80.0%,70.0%, 13 , 1 , 6 , -   , -   , -   , -   , -   , 6 , 6 , 5 , 7 , 4 , 6 
Great Northern School District,2017-18, 8 ,37.5%,12.5%,37.5%,12.5%,0.0%,12.5%,0.0%,0.0%,50.0%,50.0%,37.5%,50.0%,62.5%,37.5%, 3 , 1 , 3 , 1 , -   , 1 , -   , -   , 4 , 4 , 5 , 4 , 3 , 5 
Green Dot Public Schools Washington State Charter District,2017-18, -   ,,,,,,,,,,,,,,, -   , -   , -   , -   , -   , -   , -   , -   , -   , -   , -   , -   , -   , -   
Green Mountain School District,2017-18, 15 ,86.7%,6.7%,0.0%,6.7%,0.0%,6.7%,0.0%,0.0%,86.7%,86.7%,86.7%,86.7%,86.7%,86.7%, 13 , 1 , -   , 1 , -   , 1 , -   , -   , 2 , 2 , 2 , 2 , 2 , 2 
Griffin School District,2017-18, 63 ,82.5%,0.0%,15.9%,1.6%,0.0%,1.6%,0.0%,0.0%,92.1%,92.1%,95.2%,85.7%,95.2%,87.3%, 52 , -   , 10 , 1 , -   , 1 , -   , -   , 5 , 5 , 3 , 9 , 3 , 8 
Harrington School District,2017-18, -   ,,,,,,,,,,,,,,, -   , -   , -   , -   , -   , -   , -   , -   , -   , -   , -   , -   , -   , -   
Highland School District,2017-18, 79 ,94.9%,0.0%,1.3%,3.8%,1.3%,2.5%,0.0%,0.0%,96.2%,96.2%,96.2%,96.2%,94.9%,94.9%, 75 , -   , 1 , 3 , 1 , 2 , -   , -   , 3 , 3 , 3 , 3 , 4 , 4 
Highline School District,2017-18," 1,694 ",85.5%,1.7%,11.0%,1.8%,0.1%,1.5%,0.2%,0.0%,92.6%,94.2%,92.0%,91.7%,94.9%,91.4%," 1,448 ", 28 , 187 , 31 , 1 , 26 , 4 , -   , 126 , 99 , 135 , 140 , 86 , 146 
Hockinson School District,2017-18, 109 ,41.3%,3.7%,46.8%,8.3%,0.9%,7.3%,0.0%,0.0%,63.3%,63.3%,61.5%,62.4%,80.7%,56.9%, 45 , 4 , 51 , 9 , 1 , 8 , -   , -   , 40 , 40 , 42 , 41 , 21 , 47 
Hood Canal School District,2017-18, 34 ,55.9%,5.9%,35.3%,2.9%,0.0%,0.0%,2.9%,0.0%,73.5%,73.5%,73.5%,70.6%,88.2%,70.6%, 19 , 2 , 12 , 1 , -   , -   , 1 , -   , 9 , 9 , 9 , 10 , 4 , 10 
Hoquiam School District,2017-18, 126 ,74.6%,3.2%,16.7%,5.6%,2.4%,2.4%,0.8%,0.0%,76.2%,76.2%,80.2%,76.2%,87.3%,77.8%, 94 , 4 , 21 , 7 , 3 , 3 , 1 , -   , 30 , 30 , 25 , 30 , 16 , 28 
Inchelium School District,2017-18, 16 ,87.5%,0.0%,12.5%,0.0%,0.0%,0.0%,0.0%,0.0%,87.5%,87.5%,93.8%,87.5%,100.0%,93.8%, 14 , -   , 2 , -   , -   , -   , -   , -   , 2 , 2 , 1 , 2 , -   , 1 
Index School District,2017-18, -   ,,,,,,,,,,,,,,, -   , -   , -   , -   , -   , -   , -   , -   , -   , -   , -   , -   , -   , -   
Issaquah School District,2017-18," 1,531 ",94.4%,0.7%,0.5%,4.4%,0.7%,3.7%,0.1%,0.0%,96.5%,96.5%,96.3%,96.1%,97.1%,96.0%," 1,445 ", 10 , 8 , 68 , 10 , 56 , 2 , -   , 54 , 54 , 57 , 60 , 45 , 62 
Kahlotus School District,2017-18, 2 ,100.0%,0.0%,0.0%,0.0%,0.0%,0.0%,0.0%,0.0%,100.0%,100.0%,100.0%,100.0%,100.0%,100.0%, 2 , -   , -   , -   , -   , -   , -   , -   , -   , -   , -   , -   , -   , -   
Keller School District,2017-18, -   ,,,,,,,,,,,,,,, -   , -   , -   , -   , -   , -   , -   , -   , -   , -   , -   , -   , -   , -   
Kelso School District,2017-18, 388 ,93.8%,1.8%,0.8%,3.6%,0.3%,3.4%,0.0%,0.0%,94.6%,94.6%,95.6%,95.1%,96.1%,94.8%, 364 , 7 , 3 , 14 , 1 , 13 , -   , -   , 21 , 21 , 17 , 19 , 15 , 20 
Kennewick School District,2017-18," 1,529 ",92.8%,0.7%,3.1%,3.3%,0.4%,2.9%,0.1%,0.0%,95.1%,95.1%,94.8%,95.1%,96.9%,94.3%," 1,419 ", 11 , 48 , 51 , 6 , 44 , 2 , -   , 75 , 75 , 80 , 75 , 47 , 87 
Kent School District,2017-18," 2,045 ",86.8%,2.1%,7.0%,4.1%,0.6%,3.2%,0.3%,0.1%,90.6%,90.5%,91.2%,90.4%,93.7%,90.2%," 1,775 ", 42 , 144 , 84 , 12 , 65 , 7 , 2 , 193 , 194 , 180 , 197 , 128 , 201 
Kettle Falls School District,2017-18, 53 ,86.8%,7.5%,0.0%,5.7%,1.9%,3.8%,0.0%,0.0%,86.8%,86.8%,94.3%,92.5%,92.5%,94.3%, 46 , 4 , -   , 3 , 1 , 2 , -   , -   , 7 , 7 , 3 , 4 , 4 , 3 
Kiona-Benton City School District,2017-18, 106 ,83.0%,0.0%,15.1%,1.9%,0.0%,1.9%,0.0%,0.0%,85.8%,85.8%,86.8%,84.0%,91.5%,86.8%, 88 , -   , 16 , 2 , -   , 2 , -   , -   , 15 , 15 , 14 , 17 , 9 , 14 
Kittitas School District,2017-18, 54 ,87.0%,0.0%,11.1%,1.9%,0.0%,1.9%,0.0%,0.0%,92.6%,92.6%,90.7%,92.6%,90.7%,92.6%, 47 , -   , 6 , 1 , -   , 1 , -   , -   , 4 , 4 , 5 , 4 , 5 , 4 
Klickitat School District,2017-18, -   ,,,,,,,,,,,,,,, -   , -   , -   , -   , -   , -   , -   , -   , -   , -   , -   , -   , -   , -   
La Center School District,2017-18, 112 ,85.7%,0.9%,6.3%,7.1%,1.8%,5.4%,0.9%,0.0%,92.9%,92.9%,91.1%,92.0%,92.0%,90.2%, 96 , 1 , 7 , 8 , 2 , 6 , 1 , -   , 8 , 8 , 10 , 9 , 9 , 11 
La Conner School District,2017-18, 42 ,81.0%,2.4%,16.7%,0.0%,0.0%,0.0%,0.0%,0.0%,88.1%,88.1%,88.1%,88.1%,85.7%,88.1%, 34 , 1 , 7 , -   , -   , -   , -   , -   , 5 , 5 , 5 , 5 , 6 , 5 
LaCrosse School District,2017-18, 7 ,85.7%,0.0%,0.0%,14.3%,0.0%,14.3%,0.0%,0.0%,85.7%,85.7%,85.7%,85.7%,85.7%,85.7%, 6 , -   , -   , 1 , -   , 1 , -   , -   , 1 , 1 , 1 , 1 , 1 , 1 
Lake Chelan School District,2017-18, -   ,,,,,,,,,,,,,,, -   , -   , -   , -   , -   , -   , -   , -   , -   , -   , -   , -   , -   , -   
Lake Quinault School District,2017-18, 15 ,73.3%,0.0%,20.0%,6.7%,0.0%,6.7%,0.0%,0.0%,73.3%,73.3%,73.3%,73.3%,86.7%,73.3%, 11 , -   , 3 , 1 , -   , 1 , -   , -   , 4 , 4 , 4 , 4 , 2 , 4 
Lake Stevens School District,2017-18, 498 ,73.9%,1.4%,20.7%,4.0%,0.2%,3.8%,0.0%,0.0%,80.7%,80.7%,81.7%,78.9%,87.3%,79.1%, 368 , 7 , 103 , 20 , 1 , 19 , -   , -   , 96 , 96 , 91 , 105 , 63 , 104 
Lake Washington School District,2017-18," 2,535 ",79.9%,1.3%,16.0%,2.8%,0.9%,2.0%,0.1%,0.0%,89.5%,89.6%,88.8%,87.7%,92.1%,87.3%," 2,025 ", 34 , 405 , 71 , 22 , 50 , 3 , -   , 265 , 264 , 285 , 313 , 200 , 322 
Lakewood School District,2017-18, 181 ,81.2%,2.2%,13.3%,3.3%,1.1%,2.2%,0.0%,0.0%,86.7%,86.7%,86.2%,85.6%,91.7%,84.0%, 147 , 4 , 24 , 6 , 2 , 4 , -   , -   , 24 , 24 , 25 , 26 , 15 , 29 
Lamont School District,2017-18, -   ,,,,,,,,,,,,,,, -   , -   , -   , -   , -   , -   , -   , -   , -   , -   , -   , -   , -   , -   
Liberty School District,2017-18, 35 ,88.6%,5.7%,0.0%,5.7%,0.0%,5.7%,0.0%,0.0%,94.3%,94.3%,94.3%,91.4%,97.1%,91.4%, 31 , 2 , -   , 2 , -   , 2 , -   , -   , 2 , 2 , 2 , 3 , 1 , 3 
Lind School District,2017-18, 15 ,86.7%,0.0%,6.7%,6.7%,0.0%,6.7%,0.0%,0.0%,86.7%,86.7%,86.7%,86.7%,100.0%,86.7%, 13 , -   , 1 , 1 , -   , 1 , -   , -   , 2 , 2 , 2 , 2 , -   , 2 
Longview School District,2017-18, 509 ,90.2%,1.8%,3.9%,4.1%,1.6%,2.6%,0.0%,0.0%,91.9%,91.9%,91.9%,92.1%,95.7%,91.6%, 459 , 9 , 20 , 21 , 8 , 13 , -   , -   , 41 , 41 , 41 , 40 , 22 , 43 
Loon Lake School District,2017-18, 28 ,35.7%,0.0%,53.6%,10.7%,0.0%,10.7%,0.0%,0.0%,42.9%,42.9%,42.9%,35.7%,42.9%,42.9%, 10 , -   , 15 , 3 , -   , 3 , -   , -   , 16 , 16 , 16 , 18 , 16 , 16 
Lopez School District,2017-18, 18 ,44.4%,0.0%,44.4%,11.1%,0.0%,11.1%,0.0%,0.0%,55.6%,55.6%,66.7%,61.1%,88.9%,61.1%, 8 , -   , 8 , 2 , -   , 2 , -   , -   , 8 , 8 , 6 , 7 , 2 , 7 
Lummi Nation School,2017-18, 27 ,88.9%,0.0%,11.1%,0.0%,0.0%,0.0%,0.0%,0.0%,88.9%,88.9%,96.3%,92.6%,92.6%,96.3%, 24 , -   , 3 , -   , -   , -   , -   , -   , 3 , 3 , 1 , 2 , 2 , 1 
Lyle School District,2017-18, 22 ,27.3%,0.0%,72.7%,0.0%,0.0%,0.0%,0.0%,0.0%,31.8%,31.8%,36.4%,36.4%,54.5%,31.8%, 6 , -   , 16 , -   , -   , -   , -   , -   , 15 , 15 , 14 , 14 , 10 , 15 
Lynden School District,2017-18, 348 ,82.2%,1.7%,10.9%,5.2%,0.6%,5.2%,0.6%,0.0%,87.1%,87.1%,87.4%,87.1%,90.2%,86.8%, 286 , 6 , 38 , 18 , 2 , 18 , 2 , -   , 45 , 45 , 44 , 45 , 34 , 46 
Mabton School District,2017-18, 72 ,97.2%,1.4%,0.0%,1.4%,0.0%,1.4%,0.0%,0.0%,97.2%,97.2%,98.6%,98.6%,100.0%,98.6%, 70 , 1 , -   , 1 , -   , 1 , -   , -   , 2 , 2 , 1 , 1 , -   , 1 
Mansfield School District,2017-18, -   ,,,,,,,,,,,,,,, -   , -   , -   , -   , -   , -   , -   , -   , -   , -   , -   , -   , -   , -   
Manson School District,2017-18, -   ,,,,,,,,,,,,,,, -   , -   , -   , -   , -   , -   , -   , -   , -   , -   , -   , -   , -   , -   
Mary M Knity School District,2017-18, 7 ,100.0%,0.0%,0.0%,0.0%,0.0%,0.0%,0.0%,0.0%,100.0%,100.0%,100.0%,100.0%,100.0%,100.0%, 7 , -   , -   , -   , -   , -   , -   , -   , -   , -   , -   , -   , -   , -   
Mary Walker School District,2017-18, 16 ,43.8%,6.3%,37.5%,12.5%,0.0%,12.5%,0.0%,0.0%,56.3%,56.3%,68.8%,56.3%,75.0%,68.8%, 7 , 1 , 6 , 2 , -   , 2 , -   , -   , 7 , 7 , 5 , 7 , 4 , 5 
Marysville School District,2017-18, 839 ,86.3%,2.1%,5.2%,6.3%,1.2%,4.8%,0.5%,0.0%,89.3%,89.3%,90.0%,89.5%,91.7%,89.2%, 724 , 18 , 44 , 53 , 10 , 40 , 4 , -   , 90 , 90 , 84 , 88 , 70 , 91 
McCleary School District,2017-18, 44 ,63.6%,0.0%,36.4%,0.0%,0.0%,0.0%,0.0%,0.0%,68.2%,68.2%,65.9%,70.5%,84.1%,65.9%, 28 , -   , 16 , -   , -   , -   , -   , -   , 14 , 14 , 15 , 13 , 7 , 15 
Mead School District,2017-18, 626 ,85.8%,0.8%,3.5%,9.9%,0.3%,9.7%,0.0%,0.0%,90.7%,90.6%,90.6%,89.3%,92.8%,90.6%, 537 , 5 , 22 , 62 , 2 , 61 , -   , -   , 58 , 59 , 59 , 67 , 45 , 59 
Medical Lake School District,2017-18, 147 ,93.2%,0.7%,1.4%,4.8%,0.7%,4.1%,0.0%,0.0%,95.2%,95.2%,96.6%,95.9%,96.6%,95.9%, 137 , 1 , 2 , 7 , 1 , 6 , -   , -   , 7 , 7 , 5 , 6 , 5 , 6 
Mercer Island School District,2017-18, 351 ,85.8%,0.0%,9.7%,4.6%,2.0%,2.3%,0.3%,0.0%,93.4%,93.4%,93.2%,93.7%,93.4%,93.7%, 301 , -   , 34 , 16 , 7 , 8 , 1 , -   , 23 , 23 , 24 , 22 , 23 , 22 
Meridian School District,2017-18, 134 ,73.1%,1.5%,17.2%,8.2%,0.0%,8.2%,0.0%,0.0%,82.1%,82.1%,80.6%,82.1%,87.3%,81.3%, 98 , 2 , 23 , 11 , -   , 11 , -   , -   , 24 , 24 , 26 , 24 , 17 , 25 
Methow Valley School District,2017-18, 56 ,67.9%,1.8%,23.2%,7.1%,0.0%,7.1%,0.0%,0.0%,83.9%,83.9%,87.5%,82.1%,76.8%,83.9%, 38 , 1 , 13 , 4 , -   , 4 , -   , -   , 9 , 9 , 7 , 10 , 13 , 9 
Mill A School District,2017-18, -   ,,,,,,,,,,,,,,, -   , -   , -   , -   , -   , -   , -   , -   , -   , -   , -   , -   , -   , -   
Monroe School District,2017-18, 401 ,87.5%,2.0%,6.2%,4.2%,1.0%,3.5%,0.0%,0.0%,92.8%,92.8%,91.0%,93.0%,94.5%,90.0%, 351 , 8 , 25 , 17 , 4 , 14 , -   , -   , 29 , 29 , 36 , 28 , 22 , 40 
Montesano School District,2017-18, 95 ,80.0%,0.0%,13.7%,6.3%,2.1%,4.2%,0.0%,0.0%,86.3%,86.3%,86.3%,84.2%,94.7%,82.1%, 76 , -   , 13 , 6 , 2 , 4 , -   , -   , 13 , 13 , 13 , 15 , 5 , 17 
Morton School District,2017-18, 19 ,57.9%,0.0%,36.8%,5.3%,0.0%,5.3%,0.0%,0.0%,63.2%,63.2%,68.4%,63.2%,94.7%,68.4%, 11 , -   , 7 , 1 , -   , 1 , -   , -   , 7 , 7 , 6 , 7 , 1 , 6 
Moses Lake School District,2017-18, 595 ,88.9%,1.3%,5.4%,4.4%,1.2%,3.2%,0.2%,0.0%,91.4%,91.4%,91.1%,90.6%,93.9%,90.8%, 529 , 8 , 32 , 26 , 7 , 19 , 1 , -   , 51 , 51 , 53 , 56 , 36 , 55 
Mossyrock School District,2017-18, 35 ,94.3%,2.9%,0.0%,2.9%,0.0%,2.9%,0.0%,0.0%,97.1%,97.1%,97.1%,97.1%,97.1%,94.3%, 33 , 1 , -   , 1 , -   , 1 , -   , -   , 1 , 1 , 1 , 1 , 1 , 2 
Mount Adams School District,2017-18, 75 ,96.0%,2.7%,1.3%,0.0%,0.0%,0.0%,0.0%,0.0%,96.0%,96.0%,96.0%,97.3%,98.7%,96.0%, 72 , 2 , 1 , -   , -   , -   , -   , -   , 3 , 3 , 3 , 2 , 1 , 3 
Mount Baker School District,2017-18, 139 ,73.4%,5.8%,12.2%,8.6%,0.7%,6.5%,1.4%,0.0%,79.9%,79.9%,84.2%,80.6%,87.1%,78.4%, 102 , 8 , 17 , 12 , 1 , 9 , 2 , -   , 28 , 28 , 22 , 27 , 18 , 30 
Mount Pleasant School District,2017-18, 9 ,33.3%,11.1%,44.4%,11.1%,0.0%,11.1%,0.0%,0.0%,33.3%,33.3%,33.3%,44.4%,55.6%,33.3%, 3 , 1 , 4 , 1 , -   , 1 , -   , -   , 6 , 6 , 6 , 5 , 4 , 6 
Mount Vernon School District,2017-18, 560 ,83.8%,3.8%,6.4%,6.1%,1.3%,3.6%,0.5%,0.7%,88.0%,88.2%,87.9%,87.3%,88.8%,87.0%, 469 , 21 , 36 , 34 , 7 , 20 , 3 , 4 , 67 , 66 , 68 , 71 , 63 , 73 
Mukilteo School District,2017-18," 1,249 ",86.3%,1.2%,7.9%,4.6%,0.2%,4.6%,0.1%,0.0%,90.5%,90.5%,91.2%,90.6%,93.8%,89.8%," 1,078 ", 15 , 99 , 57 , 3 , 57 , 1 , -   , 119 , 119 , 110 , 117 , 77 , 127 
Naches Valley School District,2017-18, 82 ,93.9%,2.4%,1.2%,2.4%,0.0%,2.4%,0.0%,0.0%,93.9%,93.9%,96.3%,95.1%,96.3%,96.3%, 77 , 2 , 1 , 2 , -   , 2 , -   , -   , 5 , 5 , 3 , 4 , 3 , 3 
Naselle-Grays River Valley School District,2017-18, 21 ,76.2%,14.3%,0.0%,9.5%,0.0%,9.5%,0.0%,0.0%,85.7%,85.7%,81.0%,81.0%,85.7%,85.7%, 16 , 3 , -   , 2 , -   , 2 , -   , -   , 3 , 3 , 4 , 4 , 3 , 3 
Nespelem School District,2017-18, -   ,,,,,,,,,,,,,,, -   , -   , -   , -   , -   , -   , -   , -   , -   , -   , -   , -   , -   , -   
Newport School District,2017-18, 71 ,77.5%,1.4%,16.9%,4.2%,0.0%,4.2%,0.0%,0.0%,87.3%,87.3%,84.5%,85.9%,91.5%,80.3%, 55 , 1 , 12 , 3 , -   , 3 , -   , -   , 9 , 9 , 11 , 10 , 6 , 14 
Nine Mile Falls School District,2017-18, 92 ,85.9%,1.1%,5.4%,7.6%,0.0%,7.6%,0.0%,0.0%,93.5%,93.5%,92.4%,91.3%,88.0%,88.0%, 79 , 1 , 5 , 7 , -   , 7 , -   , -   , 6 , 6 , 7 , 8 , 11 , 11 
Nooksack Valley School District,2017-18, 180 ,78.3%,1.7%,18.3%,1.7%,0.0%,1.7%,0.0%,0.0%,85.0%,85.0%,86.7%,86.1%,90.0%,85.6%, 141 , 3 , 33 , 3 , -   , 3 , -   , -   , 27 , 27 , 24 , 25 , 18 , 26 
North Beach School District,2017-18, 62 ,87.1%,1.6%,11.3%,0.0%,0.0%,0.0%,0.0%,0.0%,88.7%,88.7%,93.5%,87.1%,96.8%,93.5%, 54 , 1 , 7 , -   , -   , -   , -   , -   , 7 , 7 , 4 , 8 , 2 , 4 
North Franklin School District,2017-18, 92 ,76.1%,1.1%,22.8%,0.0%,0.0%,0.0%,0.0%,0.0%,88.0%,88.0%,89.1%,85.9%,94.6%,80.4%, 70 , 1 , 21 , -   , -   , -   , -   , -   , 11 , 11 , 10 , 13 , 5 , 18 
North Kitsap School District,2017-18, 453 ,87.6%,1.1%,6.0%,5.3%,1.8%,3.8%,0.0%,0.0%,91.6%,91.6%,92.1%,90.9%,94.3%,90.7%, 397 , 5 , 27 , 24 , 8 , 17 , -   , -   , 38 , 38 , 36 , 41 , 26 , 42 
North Mason School District,2017-18, 179 ,85.5%,6.1%,2.2%,6.1%,2.2%,3.4%,0.0%,0.6%,90.5%,90.5%,91.6%,90.5%,95.5%,88.8%, 153 , 11 , 4 , 11 , 4 , 6 , -   , 1 , 17 , 17 , 15 , 17 , 8 , 20 
North River School District,2017-18, 3 ,0.0%,0.0%,100.0%,0.0%,0.0%,0.0%,0.0%,0.0%,0.0%,0.0%,0.0%,0.0%,0.0%,0.0%, -   , -   , 3 , -   , -   , -   , -   , -   , 3 , 3 , 3 , 3 , 3 , 3 
North Thurston Public Schools,2017-18," 1,174 ",83.6%,1.1%,11.7%,3.6%,0.5%,2.9%,0.2%,0.1%,89.1%,89.0%,90.2%,88.3%,91.9%,88.9%, 982 , 13 , 137 , 42 , 6 , 34 , 2 , 1 , 128 , 129 , 115 , 137 , 95 , 130 
Northport School District,2017-18, 34 ,14.7%,0.0%,73.5%,11.8%,0.0%,11.8%,0.0%,0.0%,20.6%,20.6%,17.6%,23.5%,26.5%,20.6%, 5 , -   , 25 , 4 , -   , 4 , -   , -   , 27 , 27 , 28 , 26 , 25 , 27 
Northshore School District,2017-18," 1,950 ",86.3%,0.9%,8.3%,4.4%,0.9%,3.4%,0.0%,0.1%,91.9%,91.4%,91.1%,90.7%,91.2%,90.3%," 1,683 ", 17 , 162 , 85 , 18 , 67 , -   , 1 , 158 , 167 , 173 , 182 , 171 , 190 
Oak Harbor School District,2017-18, 528 ,93.0%,3.2%,0.9%,2.8%,1.1%,1.5%,0.2%,0.0%,95.3%,95.6%,95.6%,95.1%,96.2%,95.1%, 491 , 17 , 5 , 15 , 6 , 8 , 1 , -   , 25 , 23 , 23 , 26 , 20 , 26 
Oakesdale School District,2017-18, 7 ,71.4%,0.0%,14.3%,14.3%,14.3%,0.0%,0.0%,0.0%,85.7%,85.7%,85.7%,85.7%,85.7%,85.7%, 5 , -   , 1 , 1 , 1 , -   , -   , -   , 1 , 1 , 1 , 1 , 1 , 1 
Oakville School District,2017-18, 21 ,95.2%,0.0%,4.8%,0.0%,0.0%,0.0%,0.0%,0.0%,95.2%,95.2%,95.2%,95.2%,100.0%,95.2%, 20 , -   , 1 , -   , -   , -   , -   , -   , 1 , 1 , 1 , 1 , -   , 1 
Ocean Beach School District,2017-18, 69 ,63.8%,1.4%,27.5%,7.2%,0.0%,7.2%,0.0%,0.0%,73.9%,73.9%,76.8%,76.8%,84.1%,73.9%, 44 , 1 , 19 , 5 , -   , 5 , -   , -   , 18 , 18 , 16 , 16 , 11 , 18 
Ocosta School District,2017-18, 34 ,85.3%,0.0%,11.8%,2.9%,0.0%,2.9%,0.0%,0.0%,91.2%,91.2%,91.2%,91.2%,94.1%,85.3%, 29 , -   , 4 , 1 , -   , 1 , -   , -   , 3 , 3 , 3 , 3 , 2 , 5 
Odessa School District,2017-18, 24 ,87.5%,0.0%,4.2%,8.3%,0.0%,8.3%,0.0%,0.0%,91.7%,91.7%,95.8%,91.7%,100.0%,91.7%, 21 , -   , 1 , 2 , -   , 2 , -   , -   , 2 , 2 , 1 , 2 , -   , 2 
Okanogan School District,2017-18, 83 ,94.0%,3.6%,0.0%,2.4%,0.0%,2.4%,0.0%,0.0%,94.0%,94.0%,97.6%,97.6%,96.4%,97.6%, 78 , 3 , -   , 2 , -   , 2 , -   , -   , 5 , 5 , 2 , 2 , 3 , 2 
Olympia School District,2017-18, 796 ,75.3%,1.5%,16.7%,6.5%,1.9%,4.6%,0.3%,0.0%,83.7%,83.7%,84.8%,82.8%,84.2%,81.9%, 599 , 12 , 133 , 52 , 15 , 37 , 2 , -   , 130 , 130 , 121 , 137 , 126 , 144 
Omak School District,2017-18, 194 ,86.1%,0.5%,10.3%,3.1%,0.5%,2.6%,0.0%,0.0%,89.7%,89.7%,93.3%,91.2%,97.4%,91.2%, 167 , 1 , 20 , 6 , 1 , 5 , -   , -   , 20 , 20 , 13 , 17 , 5 , 17 
Onalaska School District,2017-18, 53 ,86.8%,1.9%,7.5%,3.8%,1.9%,1.9%,0.0%,0.0%,90.6%,90.6%,90.6%,88.7%,94.3%,88.7%, 46 , 1 , 4 , 2 , 1 , 1 , -   , -   , 5 , 5 , 5 , 6 , 3 , 6 
Onion Creek School District,2017-18, 4 ,75.0%,0.0%,0.0%,25.0%,0.0%,25.0%,0.0%,0.0%,75.0%,100.0%,75.0%,75.0%,75.0%,100.0%, 3 , -   , -   , 1 , -   , 1 , -   , -   , 1 , -   , 1 , 1 , 1 , -   
Orcas Island School District,2017-18, 51 ,25.5%,0.0%,72.5%,2.0%,0.0%,2.0%,0.0%,0.0%,33.3%,33.3%,31.4%,31.4%,37.3%,27.5%, 13 , -   , 37 , 1 , -   , 1 , -   , -   , 34 , 34 , 35 , 35 , 32 , 37 
Orchard Prairie School District,2017-18, 21 ,42.9%,0.0%,33.3%,23.8%,4.8%,19.0%,0.0%,0.0%,47.6%,47.6%,52.4%,47.6%,52.4%,47.6%, 9 , -   , 7 , 5 , 1 , 4 , -   , -   , 11 , 11 , 10 , 11 , 10 , 11 
Orient School District,2017-18, 7 ,42.9%,0.0%,57.1%,0.0%,0.0%,0.0%,0.0%,0.0%,42.9%,57.1%,42.9%,85.7%,42.9%,57.1%, 3 , -   , 4 , -   , -   , -   , -   , -   , 4 , 3 , 4 , 1 , 4 , 3 
Orondo School District,2017-18, 15 ,100.0%,0.0%,0.0%,0.0%,0.0%,0.0%,0.0%,0.0%,100.0%,100.0%,100.0%,100.0%,100.0%,100.0%, 15 , -   , -   , -   , -   , -   , -   , -   , -   , -   , -   , -   , -   , -   
Oroville School District,2017-18, 43 ,86.0%,0.0%,11.6%,2.3%,0.0%,2.3%,0.0%,0.0%,90.7%,90.7%,93.0%,90.7%,95.3%,90.7%, 37 , -   , 5 , 1 , -   , 1 , -   , -   , 4 , 4 , 3 , 4 , 2 , 4 
Orting School District,2017-18, 191 ,91.1%,2.6%,1.6%,4.7%,0.5%,4.2%,0.0%,0.0%,94.8%,94.8%,94.8%,95.3%,96.3%,92.7%, 174 , 5 , 3 , 9 , 1 , 8 , -   , -   , 10 , 10 , 10 , 9 , 7 , 14 
Othello School District,2017-18, 336 ,95.5%,2.1%,1.5%,0.9%,0.6%,0.3%,0.0%,0.0%,96.7%,96.7%,97.6%,98.2%,99.1%,97.3%, 321 , 7 , 5 , 3 , 2 , 1 , -   , -   , 11 , 11 , 8 , 6 , 3 , 9 
Palisades School District,2017-18, 2 ,100.0%,0.0%,0.0%,0.0%,0.0%,0.0%,0.0%,0.0%,100.0%,100.0%,100.0%,100.0%,100.0%,100.0%, 2 , -   , -   , -   , -   , -   , -   , -   , -   , -   , -   , -   , -   , -   
Pasco School District,2017-18," 1,420 ",95.8%,1.6%,0.8%,1.8%,0.0%,1.7%,0.1%,0.0%,97.0%,97.0%,96.9%,97.2%,97.5%,96.5%," 1,361 ", 23 , 11 , 25 , -   , 24 , 1 , -   , 43 , 42 , 44 , 40 , 35 , 50 
Pateros School District,2017-18, 20 ,80.0%,0.0%,10.0%,10.0%,5.0%,0.0%,5.0%,0.0%,90.0%,90.0%,90.0%,90.0%,80.0%,90.0%, 16 , -   , 2 , 2 , 1 , -   , 1 , -   , 2 , 2 , 2 , 2 , 4 , 2 
Paterson School District,2017-18, 12 ,100.0%,0.0%,0.0%,0.0%,0.0%,0.0%,0.0%,0.0%,100.0%,100.0%,100.0%,100.0%,100.0%,100.0%, 12 , -   , -   , -   , -   , -   , -   , -   , -   , -   , -   , -   , -   , -   
Pe Ell School District,2017-18, 26 ,88.5%,3.8%,0.0%,7.7%,3.8%,0.0%,3.8%,0.0%,88.5%,88.5%,92.3%,92.3%,92.3%,92.3%, 23 , 1 , -   , 2 , 1 , -   , 1 , -   , 3 , 3 , 2 , 2 , 2 , 2 
Peninsula School District,2017-18, 644 ,89.0%,2.5%,2.5%,6.1%,0.6%,5.0%,0.5%,0.3%,93.5%,94.3%,93.8%,93.3%,93.8%,93.3%, 573 , 16 , 16 , 39 , 4 , 32 , 3 , 2 , 42 , 37 , 40 , 43 , 40 , 43 
Pioneer School District,2017-18, 86 ,74.4%,1.2%,22.1%,2.3%,1.2%,1.2%,0.0%,0.0%,80.2%,80.2%,79.1%,76.7%,88.4%,76.7%, 64 , 1 , 19 , 2 , 1 , 1 , -   , -   , 17 , 17 , 18 , 20 , 10 , 20 
Pomeroy School District,2017-18, 24 ,87.5%,0.0%,4.2%,8.3%,0.0%,8.3%,0.0%,0.0%,91.7%,91.7%,91.7%,91.7%,87.5%,87.5%, 21 , -   , 1 , 2 , -   , 2 , -   , -   , 2 , 2 , 2 , 2 , 3 , 3 
Port Angeles School District,2017-18, 272 ,84.9%,2.9%,4.0%,8.1%,2.2%,5.1%,0.4%,0.4%,88.2%,88.2%,90.8%,88.6%,93.8%,86.8%, 231 , 8 , 11 , 22 , 6 , 14 , 1 , 1 , 32 , 32 , 25 , 31 , 17 , 36 
Port Townsend School District,2017-18, 74 ,67.6%,1.4%,27.0%,4.1%,0.0%,4.1%,0.0%,0.0%,79.7%,79.7%,77.0%,79.7%,77.0%,74.3%, 50 , 1 , 20 , 3 , -   , 3 , -   , -   , 15 , 15 , 17 , 15 , 17 , 19 
Prescott School District,2017-18, 25 ,84.0%,0.0%,16.0%,0.0%,0.0%,0.0%,0.0%,0.0%,92.0%,92.0%,92.0%,88.0%,88.0%,92.0%, 21 , -   , 4 , -   , -   , -   , -   , -   , 2 , 2 , 2 , 3 , 3 , 2 
Prosser School District,2017-18, 172 ,95.3%,2.3%,1.2%,1.2%,0.0%,1.2%,0.0%,0.0%,97.7%,97.7%,97.7%,97.1%,97.7%,97.7%, 164 , 4 , 2 , 2 , -   , 2 , -   , -   , 4 , 4 , 4 , 5 , 4 , 4 
Pullman School District,2017-18, 251 ,88.0%,0.4%,8.0%,3.6%,0.0%,3.6%,0.0%,0.0%,92.8%,92.8%,92.0%,92.8%,92.0%,91.6%, 221 , 1 , 20 , 9 , -   , 9 , -   , -   , 18 , 18 , 20 , 18 , 20 , 21 
Puyallup School District,2017-18," 1,731 ",85.7%,1.1%,7.9%,5.3%,1.2%,3.8%,0.5%,0.2%,91.2%,96.8%,91.6%,90.8%,93.2%,90.0%," 1,483 ", 19 , 137 , 92 , 21 , 65 , 8 , 3 , 153 , 55 , 145 , 159 , 118 , 173 
Queets-Clearwater School District,2017-18, 2 ,100.0%,0.0%,0.0%,0.0%,0.0%,0.0%,0.0%,0.0%,100.0%,100.0%,100.0%,100.0%,100.0%,100.0%, 2 , -   , -   , -   , -   , -   , -   , -   , -   , -   , -   , -   , -   , -   
Quilcene School District,2017-18, 10 ,30.0%,20.0%,20.0%,30.0%,0.0%,30.0%,0.0%,0.0%,70.0%,70.0%,70.0%,60.0%,60.0%,50.0%, 3 , 2 , 2 , 3 , -   , 3 , -   , -   , 3 , 3 , 3 , 4 , 4 , 5 
Quillayute Valley School District,2017-18, 84 ,88.1%,1.2%,1.2%,9.5%,7.1%,2.4%,0.0%,0.0%,91.7%,91.7%,92.9%,90.5%,91.7%,91.7%, 74 , 1 , 1 , 8 , 6 , 2 , -   , -   , 7 , 7 , 6 , 8 , 7 , 7 
Quincy School District,2017-18, 259 ,91.1%,0.4%,8.1%,0.4%,0.0%,0.4%,0.0%,0.0%,93.8%,93.8%,93.1%,92.7%,95.0%,92.3%, 236 , 1 , 21 , 1 , -   , 1 , -   , -   , 16 , 16 , 18 , 19 , 13 , 20 
Rainier School District,2017-18, 69 ,78.3%,1.4%,11.6%,8.7%,1.4%,7.2%,0.0%,0.0%,91.3%,91.3%,89.9%,88.4%,89.9%,85.5%, 54 , 1 , 8 , 6 , 1 , 5 , -   , -   , 6 , 6 , 7 , 8 , 7 , 10 
Raymond School District,2017-18, 37 ,86.5%,0.0%,8.1%,5.4%,2.7%,2.7%,0.0%,0.0%,89.2%,89.2%,86.5%,91.9%,97.3%,91.9%, 32 , -   , 3 , 2 , 1 , 1 , -   , -   , 4 , 4 , 5 , 3 , 1 , 3 
Reardan-Edwall School District,2017-18, 40 ,87.5%,0.0%,0.0%,12.5%,2.5%,0.0%,10.0%,0.0%,90.0%,90.0%,90.0%,90.0%,90.0%,87.5%, 35 , -   , -   , 5 , 1 , -   , 4 , -   , 4 , 4 , 4 , 4 , 4 , 5 
Renton School District,2017-18," 1,349 ",90.3%,1.8%,3.5%,4.4%,1.0%,3.0%,0.6%,0.2%,93.4%,93.2%,93.0%,93.2%,95.5%,93.0%," 1,218 ", 24 , 47 , 60 , 13 , 40 , 8 , 3 , 89 , 92 , 95 , 92 , 61 , 94 
Republic School District,2017-18, 28 ,82.1%,0.0%,10.7%,7.1%,0.0%,7.1%,0.0%,0.0%,85.7%,85.7%,82.1%,85.7%,89.3%,82.1%, 23 , -   , 3 , 2 , -   , 2 , -   , -   , 4 , 4 , 5 , 4 , 3 , 5 
Richland School District,2017-18," 1,023 ",95.1%,1.5%,1.3%,2.2%,0.3%,1.6%,0.1%,0.2%,97.1%,97.3%,97.2%,97.2%,98.2%,96.7%, 973 , 15 , 13 , 22 , 3 , 16 , 1 , 2 , 30 , 28 , 29 , 29 , 18 , 34 
Ridgefield School District,2017-18, 248 ,90.3%,1.2%,0.8%,7.7%,2.0%,3.6%,1.2%,0.8%,93.5%,93.5%,93.1%,92.7%,91.9%,93.1%, 224 , 3 , 2 , 19 , 5 , 9 , 3 , 2 , 16 , 16 , 17 , 18 , 20 , 17 
Ritzville School District,2017-18, 28 ,85.7%,7.1%,3.6%,3.6%,3.6%,0.0%,0.0%,0.0%,92.9%,92.9%,92.9%,100.0%,100.0%,96.4%, 24 , 2 , 1 , 1 , 1 , -   , -   , -   , 2 , 2 , 2 , -   , -   , 1 
Riverside School District,2017-18, 77 ,88.3%,0.0%,3.9%,7.8%,0.0%,7.8%,0.0%,0.0%,90.9%,90.9%,89.6%,89.6%,90.9%,89.6%, 68 , -   , 3 , 6 , -   , 6 , -   , -   , 7 , 7 , 8 , 8 , 7 , 8 
Riverview School District,2017-18, 24 ,83.3%,0.0%,4.2%,12.5%,4.2%,8.3%,0.0%,0.0%,95.8%,95.8%,91.7%,87.5%,83.3%,91.7%, 20 , -   , 1 , 3 , 1 , 2 , -   , -   , 1 , 1 , 2 , 3 , 4 , 2 
Rochester School District,2017-18, 183 ,90.7%,1.1%,5.5%,2.7%,0.0%,2.7%,0.0%,0.0%,92.9%,92.9%,94.0%,92.9%,96.7%,94.5%, 166 , 2 , 10 , 5 , -   , 5 , -   , -   , 13 , 13 , 11 , 13 , 6 , 10 
Roosevelt School District,2017-18, 6 ,66.7%,33.3%,0.0%,0.0%,0.0%,0.0%,0.0%,0.0%,83.3%,83.3%,83.3%,83.3%,83.3%,66.7%, 4 , 2 , -   , -   , -   , -   , -   , -   , 1 , 1 , 1 , 1 , 1 , 2 
Rosalia School District,2017-18, 10 ,90.0%,0.0%,10.0%,0.0%,0.0%,0.0%,0.0%,0.0%,90.0%,90.0%,100.0%,100.0%,100.0%,100.0%, 9 , -   , 1 , -   , -   , -   , -   , -   , 1 , 1 , -   , -   , -   , -   
Royal School District,2017-18, -   ,,,,,,,,,,,,,,, -   , -   , -   , -   , -   , -   , -   , -   , -   , -   , -   , -   , -   , -   
SOAR Academy Charter District,2017-18, 46 ,78.3%,0.0%,19.6%,2.2%,0.0%,2.2%,0.0%,0.0%,89.1%,89.1%,87.0%,82.6%,87.0%,84.8%, 36 , -   , 9 , 1 , -   , 1 , -   , -   , 5 , 5 , 6 , 8 , 6 , 7 
San Juan Island School District,2017-18, 48 ,70.8%,6.3%,16.7%,6.3%,4.2%,0.0%,0.0%,2.1%,85.4%,85.4%,87.5%,81.3%,95.8%,81.3%, 34 , 3 , 8 , 3 , 2 , -   , -   , 1 , 7 , 7 , 6 , 9 , 2 , 9 
Satsop School District,2017-18, 11 ,90.9%,0.0%,9.1%,0.0%,0.0%,0.0%,0.0%,0.0%,90.9%,90.9%,90.9%,90.9%,90.9%,90.9%, 10 , -   , 1 , -   , -   , -   , -   , -   , 1 , 1 , 1 , 1 , 1 , 1 
Seattle Public Schools,2017-18," 5,687 ",84.1%,1.2%,12.4%,2.3%,0.1%,2.2%,0.1%,0.0%,90.0%,90.0%,89.7%,89.1%,91.3%,88.5%," 4,782 ", 69 , 706 , 132 , 8 , 123 , 3 , -   , 566 , 567 , 584 , 622 , 495 , 655 
Sedro-Woolley School District,2017-18, 318 ,88.7%,7.5%,0.0%,3.8%,0.9%,2.8%,0.3%,0.0%,91.8%,91.8%,91.2%,91.5%,94.0%,91.2%, 282 , 24 , -   , 12 , 3 , 9 , 1 , -   , 26 , 26 , 28 , 27 , 19 , 28 
Selah School District,2017-18, 259 ,84.9%,2.7%,11.2%,1.2%,0.0%,1.2%,0.0%,0.0%,89.2%,89.2%,91.9%,88.0%,95.0%,91.1%, 220 , 7 , 29 , 3 , -   , 3 , -   , -   , 28 , 28 , 21 , 31 , 13 , 23 
Selkirk School District,2017-18, 22 ,90.9%,4.5%,0.0%,4.5%,0.0%,4.5%,0.0%,0.0%,90.9%,90.9%,90.9%,90.9%,95.5%,90.9%, 20 , 1 , -   , 1 , -   , 1 , -   , -   , 2 , 2 , 2 , 2 , 1 , 2 
Sequim School District,2017-18, 9 ,77.8%,0.0%,0.0%,22.2%,0.0%,22.2%,0.0%,0.0%,88.9%,88.9%,77.8%,77.8%,77.8%,77.8%, 7 , -   , -   , 2 , -   , 2 , -   , -   , 1 , 1 , 2 , 2 , 2 , 2 
Shaw Island School District,2017-18, -   ,,,,,,,,,,,,,,, -   , -   , -   , -   , -   , -   , -   , -   , -   , -   , -   , -   , -   , -   
Shelton School District,2017-18, 306 ,80.1%,2.9%,14.7%,2.3%,0.7%,1.3%,0.3%,0.0%,85.9%,85.9%,87.3%,86.6%,93.1%,83.7%, 245 , 9 , 45 , 7 , 2 , 4 , 1 , -   , 43 , 43 , 39 , 41 , 21 , 50 
Shoreline School District,2017-18, 849 ,89.3%,4.0%,1.2%,5.5%,0.7%,4.9%,0.0%,0.0%,92.8%,92.9%,93.2%,92.7%,94.2%,91.9%, 758 , 34 , 10 , 47 , 6 , 42 , -   , -   , 61 , 60 , 58 , 62 , 49 , 69 
Skamania School District,2017-18, -   ,,,,,,,,,,,,,,, -   , -   , -   , -   , -   , -   , -   , -   , -   , -   , -   , -   , -   , -   
Skykomish School District,2017-18, 5 ,60.0%,20.0%,0.0%,20.0%,0.0%,20.0%,0.0%,0.0%,80.0%,80.0%,60.0%,60.0%,80.0%,60.0%, 3 , 1 , -   , 1 , -   , 1 , -   , -   , 1 , 1 , 2 , 2 , 1 , 2 
Snohomish School District,2017-18, 488 ,87.5%,0.2%,6.1%,6.1%,1.6%,4.5%,0.0%,0.0%,91.0%,91.0%,91.0%,90.2%,92.4%,90.6%, 427 , 1 , 30 , 30 , 8 , 22 , -   , -   , 44 , 44 , 44 , 48 , 37 , 46 
Snoqualmie Valley School District,2017-18, 512 ,89.1%,1.2%,4.5%,5.3%,0.8%,4.7%,0.0%,0.0%,94.3%,94.3%,93.4%,93.0%,93.2%,92.0%, 456 , 6 , 23 , 27 , 4 , 24 , -   , -   , 29 , 29 , 34 , 36 , 35 , 41 
Soap Lake School District,2017-18, 29 ,62.1%,0.0%,17.2%,20.7%,0.0%,13.8%,0.0%,6.9%,69.0%,69.0%,69.0%,69.0%,75.9%,69.0%, 18 , -   , 5 , 6 , -   , 4 , -   , 2 , 9 , 9 , 9 , 9 , 7 , 9 
South Bend School District,2017-18, 38 ,89.5%,5.3%,5.3%,0.0%,0.0%,0.0%,0.0%,0.0%,89.5%,89.5%,94.7%,92.1%,97.4%,94.7%, 34 , 2 , 2 , -   , -   , -   , -   , -   , 4 , 4 , 2 , 3 , 1 , 2 
South Kitsap School District,2017-18, 652 ,91.7%,2.6%,1.1%,4.6%,1.2%,3.5%,0.2%,0.0%,94.3%,94.2%,94.2%,94.6%,94.5%,93.9%, 598 , 17 , 7 , 30 , 8 , 23 , 1 , -   , 37 , 38 , 38 , 35 , 36 , 40 
South Kittitas School District,2017-18, 54 ,92.6%,1.9%,0.0%,5.6%,1.9%,3.7%,0.0%,0.0%,96.3%,96.3%,94.4%,96.3%,98.1%,94.4%, 50 , 1 , -   , 3 , 1 , 2 , -   , -   , 2 , 2 , 3 , 2 , 1 , 3 
South Whidbey School District,2017-18, 123 ,81.3%,0.0%,12.2%,6.5%,4.1%,2.4%,0.0%,0.0%,85.4%,85.4%,83.7%,86.2%,87.0%,82.9%, 100 , -   , 15 , 8 , 5 , 3 , -   , -   , 18 , 18 , 20 , 17 , 16 , 21 
Southside School District,2017-18, 20 ,85.0%,0.0%,5.0%,10.0%,10.0%,0.0%,0.0%,0.0%,95.0%,95.0%,90.0%,85.0%,85.0%,90.0%, 17 , -   , 1 , 2 , 2 , -   , -   , -   , 1 , 1 , 2 , 3 , 3 , 2 
Spokane School District,2017-18," 2,659 ",86.7%,2.7%,2.5%,8.2%,2.0%,5.8%,0.5%,0.0%,90.7%,90.7%,91.4%,90.7%,91.8%,90.2%," 2,306 ", 73 , 66 , 217 , 54 , 155 , 12 , 1 , 247 , 247 , 228 , 246 , 217 , 261 
Sprague School District,2017-18, 10 ,100.0%,0.0%,0.0%,0.0%,0.0%,0.0%,0.0%,0.0%,100.0%,100.0%,100.0%,100.0%,100.0%,100.0%, 10 , -   , -   , -   , -   , -   , -   , -   , -   , -   , -   , -   , -   , -   
St. John School District,2017-18, 13 ,92.3%,0.0%,0.0%,7.7%,0.0%,7.7%,0.0%,0.0%,92.3%,92.3%,92.3%,92.3%,92.3%,92.3%, 12 , -   , -   , 1 , -   , 1 , -   , -   , 1 , 1 , 1 , 1 , 1 , 1 
Stanwood-Camano School District,2017-18, 311 ,73.3%,2.3%,12.5%,11.9%,3.9%,8.4%,0.0%,0.0%,80.4%,80.4%,79.1%,78.5%,83.6%,77.5%, 228 , 7 , 39 , 37 , 12 , 26 , -   , -   , 61 , 61 , 65 , 67 , 51 , 70 
Star School District,2017-18, 1 ,100.0%,0.0%,0.0%,0.0%,0.0%,0.0%,0.0%,0.0%,100.0%,100.0%,100.0%,100.0%,100.0%,100.0%, 1 , -   , -   , -   , -   , -   , -   , -   , -   , -   , -   , -   , -   , -   
Starbuck School District,2017-18, -   ,,,,,,,,,,,,,,, -   , -   , -   , -   , -   , -   , -   , -   , -   , -   , -   , -   , -   , -   
Stehekin School District,2017-18, -   ,,,,,,,,,,,,,,, -   , -   , -   , -   , -   , -   , -   , -   , -   , -   , -   , -   , -   , -   
Steilacoom Hist. School District,2017-18, 250 ,80.4%,0.8%,14.8%,4.0%,0.8%,3.2%,0.0%,0.0%,90.4%,90.4%,88.0%,90.0%,91.6%,86.0%, 201 , 2 , 37 , 10 , 2 , 8 , -   , -   , 24 , 24 , 30 , 25 , 21 , 35 
Steptoe School District,2017-18, 5 ,100.0%,0.0%,0.0%,0.0%,0.0%,0.0%,0.0%,0.0%,100.0%,100.0%,100.0%,100.0%,100.0%,100.0%, 5 , -   , -   , -   , -   , -   , -   , -   , -   , -   , -   , -   , -   , -   
Stevenson-Carson School District,2017-18, 61 ,86.9%,1.6%,8.2%,3.3%,1.6%,3.3%,0.0%,0.0%,90.2%,90.2%,90.2%,91.8%,96.7%,88.5%, 53 , 1 , 5 , 2 , 1 , 2 , -   , -   , 6 , 6 , 6 , 5 , 2 , 7 
Sultan School District,2017-18, 148 ,84.5%,0.0%,13.5%,2.0%,0.0%,1.4%,0.0%,0.7%,89.2%,89.2%,91.2%,88.5%,93.9%,89.9%, 125 , -   , 20 , 3 , -   , 2 , -   , 1 , 16 , 16 , 13 , 17 , 9 , 15 
Summit Public School: Olympus,2017-18, -   ,,,,,,,,,,,,,,, -   , -   , -   , -   , -   , -   , -   , -   , -   , -   , -   , -   , -   , -   
Summit Public School: Sierra,2017-18, -   ,,,,,,,,,,,,,,, -   , -   , -   , -   , -   , -   , -   , -   , -   , -   , -   , -   , -   , -   
Summit Valley School District,2017-18, 11 ,72.7%,0.0%,0.0%,27.3%,9.1%,18.2%,0.0%,0.0%,72.7%,72.7%,72.7%,72.7%,81.8%,72.7%, 8 , -   , -   , 3 , 1 , 2 , -   , -   , 3 , 3 , 3 , 3 , 2 , 3 
Sumner School District,2017-18, 711 ,88.5%,2.0%,3.2%,6.3%,1.1%,5.1%,0.3%,0.0%,91.4%,91.4%,92.5%,91.0%,92.1%,91.4%, 629 , 14 , 23 , 45 , 8 , 36 , 2 , -   , 61 , 61 , 53 , 64 , 56 , 61 
Sunnyside School District,2017-18, 480 ,99.0%,0.2%,0.4%,0.4%,0.0%,0.4%,0.0%,0.0%,99.2%,99.2%,99.0%,99.2%,99.4%,99.0%, 475 , 1 , 2 , 2 , -   , 2 , -   , -   , 4 , 4 , 5 , 4 , 3 , 5 
Tacoma School District,2017-18," 2,512 ",84.7%,1.5%,9.4%,4.4%,0.8%,3.5%,0.2%,0.2%,89.8%,96.1%,89.5%,89.4%,92.9%,88.5%," 2,128 ", 38 , 235 , 111 , 19 , 89 , 4 , 4 , 257 , 98 , 264 , 267 , 179 , 290 
Taholah School District,2017-18, 10 ,100.0%,0.0%,0.0%,0.0%,0.0%,0.0%,0.0%,0.0%,100.0%,100.0%,100.0%,100.0%,100.0%,100.0%, 10 , -   , -   , -   , -   , -   , -   , -   , -   , -   , -   , -   , -   , -   
Tahoma School District,2017-18, 502 ,89.6%,0.6%,6.0%,3.8%,0.2%,3.6%,0.2%,0.0%,93.4%,93.4%,93.0%,92.8%,94.4%,92.8%, 450 , 3 , 30 , 19 , 1 , 18 , 1 , -   , 33 , 33 , 35 , 36 , 28 , 36 
Tekoa School District,2017-18, 44 ,90.9%,0.0%,9.1%,0.0%,0.0%,0.0%,0.0%,0.0%,90.9%,90.9%,95.5%,95.5%,100.0%,95.5%, 40 , -   , 4 , -   , -   , -   , -   , -   , 4 , 4 , 2 , 2 , -   , 2 
Tenino School District,2017-18, 79 ,82.3%,0.0%,7.6%,10.1%,1.3%,8.9%,0.0%,0.0%,86.1%,86.1%,87.3%,87.3%,93.7%,84.8%, 65 , -   , 6 , 8 , 1 , 7 , -   , -   , 11 , 11 , 10 , 10 , 5 , 12 
Thorp School District,2017-18, 17 ,58.8%,0.0%,23.5%,17.6%,0.0%,17.6%,0.0%,0.0%,70.6%,70.6%,70.6%,64.7%,76.5%,58.8%, 10 , -   , 4 , 3 , -   , 3 , -   , -   , 5 , 5 , 5 , 6 , 4 , 7 
Toledo School District,2017-18, -   ,,,,,,,,,,,,,,, -   , -   , -   , -   , -   , -   , -   , -   , -   , -   , -   , -   , -   , -   
Tonasket School District,2017-18, 75 ,88.0%,0.0%,9.3%,2.7%,0.0%,2.7%,0.0%,0.0%,93.3%,93.3%,92.0%,93.3%,94.7%,89.3%, 66 , -   , 7 , 2 , -   , 2 , -   , -   , 5 , 5 , 6 , 5 , 4 , 8 
Toppenish School District,2017-18, 262 ,92.0%,0.4%,7.3%,0.4%,0.4%,0.0%,0.0%,0.0%,96.6%,96.6%,97.7%,95.8%,98.9%,97.7%, 241 , 1 , 19 , 1 , 1 , -   , -   , -   , 9 , 9 , 6 , 11 , 3 , 6 
Touchet School District,2017-18, 11 ,100.0%,0.0%,0.0%,0.0%,0.0%,0.0%,0.0%,0.0%,100.0%,100.0%,100.0%,100.0%,100.0%,100.0%, 11 , -   , -   , -   , -   , -   , -   , -   , -   , -   , -   , -   , -   , -   
Toutle Lake School District,2017-18, 51 ,72.5%,0.0%,19.6%,7.8%,0.0%,5.9%,2.0%,0.0%,88.2%,88.2%,82.4%,90.2%,84.3%,82.4%, 37 , -   , 10 , 4 , -   , 3 , 1 , -   , 6 , 6 , 9 , 5 , 8 , 9 
Trout Lake School District,2017-18, 16 ,43.8%,0.0%,6.3%,50.0%,25.0%,25.0%,0.0%,0.0%,68.8%,68.8%,68.8%,68.8%,56.3%,62.5%, 7 , -   , 1 , 8 , 4 , 4 , -   , -   , 5 , 5 , 5 , 5 , 7 , 6 
Tukwila School District,2017-18, 224 ,87.1%,5.4%,3.6%,4.0%,0.0%,4.0%,0.0%,0.0%,90.2%,90.2%,90.6%,89.7%,93.3%,90.2%, 195 , 12 , 8 , 9 , -   , 9 , -   , -   , 22 , 22 , 21 , 23 , 15 , 22 
Tumwater School District,2017-18, 485 ,88.7%,0.8%,4.7%,5.8%,0.6%,5.4%,0.4%,0.0%,93.0%,93.0%,93.6%,91.1%,93.0%,92.0%, 430 , 4 , 23 , 28 , 3 , 26 , 2 , -   , 34 , 34 , 31 , 43 , 34 , 39 
Union Gap School District,2017-18, 65 ,98.5%,1.5%,0.0%,0.0%,0.0%,0.0%,0.0%,0.0%,100.0%,100.0%,100.0%,100.0%,100.0%,98.5%, 64 , 1 , -   , -   , -   , -   , -   , -   , -   , -   , -   , -   , -   , 1 
University Place School District,2017-18, 50 ,90.0%,0.0%,0.0%,10.0%,0.0%,10.0%,0.0%,0.0%,92.0%,92.0%,92.0%,92.0%,90.0%,90.0%, 45 , -   , -   , 5 , -   , 5 , -   , -   , 4 , 4 , 4 , 4 , 5 , 5 
Valley School District,2017-18, 20 ,70.0%,0.0%,5.0%,25.0%,0.0%,25.0%,0.0%,0.0%,75.0%,75.0%,70.0%,75.0%,80.0%,70.0%, 14 , -   , 1 , 5 , -   , 5 , -   , -   , 5 , 5 , 6 , 5 , 4 , 6 
Vancouver School District,2017-18," 1,779 ",84.9%,2.7%,6.5%,5.9%,1.0%,4.7%,0.2%,0.1%,89.0%,88.9%,90.2%,89.3%,91.5%,89.0%," 1,511 ", 48 , 115 , 105 , 18 , 84 , 4 , 2 , 195 , 197 , 175 , 191 , 152 , 195 
Vashon Island School District,2017-18, 95 ,73.7%,7.4%,7.4%,11.6%,3.2%,8.4%,0.0%,0.0%,87.4%,87.4%,88.4%,82.1%,80.0%,85.3%, 70 , 7 , 7 , 11 , 3 , 8 , -   , -   , 12 , 12 , 11 , 17 , 19 , 14 
Wahkiakum School District,2017-18, 29 ,79.3%,0.0%,10.3%,10.3%,3.4%,0.0%,3.4%,3.4%,82.8%,82.8%,79.3%,82.8%,89.7%,82.8%, 23 , -   , 3 , 3 , 1 , -   , 1 , 1 , 5 , 5 , 6 , 5 , 3 , 5 
Wahluke School District,2017-18, -   ,,,,,,,,,,,,,,, -   , -   , -   , -   , -   , -   , -   , -   , -   , -   , -   , -   , -   , -   
Waitsburg School District,2017-18, 24 ,91.7%,4.2%,0.0%,4.2%,0.0%,4.2%,0.0%,0.0%,95.8%,95.8%,95.8%,95.8%,100.0%,95.8%, 22 , 1 , -   , 1 , -   , 1 , -   , -   , 1 , 1 , 1 , 1 , -   , 1 
Walla Walla Public Schools,2017-18, 392 ,91.6%,1.8%,3.3%,3.3%,1.0%,2.3%,0.3%,0.0%,93.6%,93.6%,95.2%,93.4%,95.7%,94.9%, 359 , 7 , 13 , 13 , 4 , 9 , 1 , -   , 25 , 25 , 19 , 26 , 17 , 20 
Wapato School District,2017-18, 236 ,97.5%,0.8%,1.3%,0.4%,0.0%,0.4%,0.0%,0.0%,97.9%,97.9%,99.2%,97.9%,99.6%,99.2%, 230 , 2 , 3 , 1 , -   , 1 , -   , -   , 5 , 5 , 2 , 5 , 1 , 2 
Warden School District,2017-18, 67 ,88.1%,0.0%,10.4%,1.5%,0.0%,1.5%,0.0%,0.0%,91.0%,91.0%,88.1%,89.6%,98.5%,89.6%, 59 , -   , 7 , 1 , -   , 1 , -   , -   , 6 , 6 , 8 , 7 , 1 , 7 
Washougal School District,2017-18, 226 ,89.4%,2.7%,0.4%,7.5%,3.5%,3.5%,0.4%,0.0%,92.5%,92.5%,94.2%,93.4%,94.2%,92.9%, 202 , 6 , 1 , 17 , 8 , 8 , 1 , -   , 17 , 17 , 13 , 15 , 13 , 16 
Washtucna School District,2017-18, 3 ,66.7%,0.0%,33.3%,0.0%,0.0%,0.0%,0.0%,0.0%,66.7%,66.7%,66.7%,66.7%,66.7%,66.7%, 2 , -   , 1 , -   , -   , -   , -   , -   , 1 , 1 , 1 , 1 , 1 , 1 
Waterville School District,2017-18, 17 ,100.0%,0.0%,0.0%,0.0%,0.0%,0.0%,0.0%,0.0%,100.0%,100.0%,100.0%,100.0%,100.0%,100.0%, 17 , -   , -   , -   , -   , -   , -   , -   , -   , -   , -   , -   , -   , -   
Wellpinit School District,2017-18, 30 ,96.7%,0.0%,3.3%,0.0%,0.0%,0.0%,0.0%,0.0%,96.7%,96.7%,100.0%,96.7%,100.0%,96.7%, 29 , -   , 1 , -   , -   , -   , -   , -   , 1 , 1 , -   , 1 , -   , 1 
Wenatchee School District,2017-18, 579 ,94.0%,1.0%,0.3%,4.7%,0.3%,4.3%,0.0%,0.0%,97.2%,97.2%,96.0%,96.2%,96.2%,95.7%, 544 , 6 , 2 , 27 , 2 , 25 , -   , -   , 16 , 16 , 23 , 22 , 22 , 25 
West Valley School District (Spokane),2017-18, 256 ,86.7%,1.6%,7.8%,3.9%,0.0%,3.1%,0.8%,0.0%,91.4%,91.4%,90.2%,89.8%,93.8%,89.5%, 222 , 4 , 20 , 10 , -   , 8 , 2 , -   , 22 , 22 , 25 , 26 , 16 , 27 
West Valley School District (Yakima),2017-18, 264 ,96.2%,1.1%,2.3%,0.4%,0.0%,0.4%,0.0%,0.0%,98.1%,98.1%,97.7%,97.7%,98.1%,97.3%, 254 , 3 , 6 , 1 , -   , 1 , -   , -   , 5 , 5 , 6 , 6 , 5 , 7 
White Pass School District,2017-18, 28 ,67.9%,0.0%,28.6%,3.6%,3.6%,0.0%,0.0%,0.0%,71.4%,71.4%,71.4%,71.4%,85.7%,71.4%, 19 , -   , 8 , 1 , 1 , -   , -   , -   , 8 , 8 , 8 , 8 , 4 , 8 
White River School District,2017-18, 360 ,86.9%,2.2%,0.6%,10.3%,5.0%,5.3%,0.0%,0.0%,92.8%,92.8%,91.9%,91.7%,94.7%,89.4%, 313 , 8 , 2 , 37 , 18 , 19 , -   , -   , 26 , 26 , 29 , 30 , 19 , 38 
White Salmon Valley School District,2017-18, 103 ,63.1%,1.0%,26.2%,9.7%,7.8%,1.0%,1.0%,0.0%,84.5%,84.5%,79.6%,71.8%,83.5%,76.7%, 65 , 1 , 27 , 10 , 8 , 1 , 1 , -   , 16 , 16 , 21 , 29 , 17 , 24 
Wilbur School District,2017-18, 20 ,85.0%,0.0%,0.0%,15.0%,0.0%,10.0%,0.0%,5.0%,90.0%,90.0%,85.0%,90.0%,90.0%,90.0%, 17 , -   , -   , 3 , -   , 2 , -   , 1 , 2 , 2 , 3 , 2 , 2 , 2 
Willapa Valley School District,2017-18, 30 ,90.0%,3.3%,0.0%,6.7%,0.0%,6.7%,0.0%,0.0%,90.0%,90.0%,93.3%,90.0%,93.3%,90.0%, 27 , 1 , -   , 2 , -   , 2 , -   , -   , 3 , 3 , 2 , 3 , 2 , 3 
Wilson Creek School District,2017-18, 11 ,81.8%,0.0%,9.1%,9.1%,0.0%,9.1%,0.0%,0.0%,81.8%,81.8%,81.8%,81.8%,90.9%,81.8%, 9 , -   , 1 , 1 , -   , 1 , -   , -   , 2 , 2 , 2 , 2 , 1 , 2 
Wishkah Valley School District,2017-18, 11 ,81.8%,0.0%,18.2%,0.0%,0.0%,0.0%,0.0%,0.0%,81.8%,81.8%,81.8%,81.8%,90.9%,81.8%, 9 , -   , 2 , -   , -   , -   , -   , -   , 2 , 2 , 2 , 2 , 1 , 2 
Wishram School District,2017-18, 4 ,50.0%,0.0%,50.0%,0.0%,0.0%,0.0%,0.0%,0.0%,50.0%,50.0%,50.0%,50.0%,100.0%,50.0%, 2 , -   , 2 , -   , -   , -   , -   , -   , 2 , 2 , 2 , 2 , -   , 2 
Woodland School District,2017-18, 173 ,88.4%,0.6%,0.6%,10.4%,3.5%,6.9%,0.0%,0.0%,91.3%,91.3%,91.3%,89.6%,91.3%,89.6%, 153 , 1 , 1 , 18 , 6 , 12 , -   , -   , 15 , 15 , 15 , 18 , 15 , 18 
Yakima School District,2017-18,1310,0.941221374,0.01221374,0.028244275,0.018320611,0.010687023,0.007633588,0.000763359,0,0.957251908,0.960305344,0.964122137,0.96259542,0.979389313,0.960305344,1233,16,37,24,14,10,1,0,56,52,47,49,27,52
Yelm School District,2017-18,494,0.914979757,0.020242915,0.006072874,0.058704453,0.01417004,0.042510121,0.002024291,0,0.935222672,0.935222672,0.94534413,0.941295547,0.953441296,0.933198381,452,10,3,29,7,21,1,0,32,32,27,29,23,33
Zillah School District,2017-18,100,0.9,0,0.07,0.03,0.01,0.02,0,0,0.94,0.94,0.92,0.93,0.94,0.93,90,0,7,3,1,2,0,0,6,6,8,7,6,7